-- MySQL dump 10.13  Distrib 5.5.19, for Linux (x86_64)
--
-- Host: 118.139.179.40    Database: royalpatron
-- ------------------------------------------------------
-- Server version	5.0.96-log

/*!40101 SET @OLD_CHARACTER_SET_CLIENT=@@CHARACTER_SET_CLIENT */;
/*!40101 SET @OLD_CHARACTER_SET_RESULTS=@@CHARACTER_SET_RESULTS */;
/*!40101 SET @OLD_COLLATION_CONNECTION=@@COLLATION_CONNECTION */;
/*!40101 SET NAMES utf8 */;
/*!40103 SET @OLD_TIME_ZONE=@@TIME_ZONE */;
/*!40103 SET TIME_ZONE='+00:00' */;
/*!40014 SET @OLD_UNIQUE_CHECKS=@@UNIQUE_CHECKS, UNIQUE_CHECKS=0 */;
/*!40014 SET @OLD_FOREIGN_KEY_CHECKS=@@FOREIGN_KEY_CHECKS, FOREIGN_KEY_CHECKS=0 */;
/*!40101 SET @OLD_SQL_MODE=@@SQL_MODE, SQL_MODE='NO_AUTO_VALUE_ON_ZERO' */;
/*!40111 SET @OLD_SQL_NOTES=@@SQL_NOTES, SQL_NOTES=0 */;

--
-- Table structure for table `areas`
--

DROP TABLE IF EXISTS `areas`;
/*!40101 SET @saved_cs_client     = @@character_set_client */;
/*!40101 SET character_set_client = utf8 */;
CREATE TABLE `areas` (
  `id` bigint(20) NOT NULL auto_increment,
  `region` varchar(50) NOT NULL,
  `sub_region` varchar(50) NOT NULL,
  `name` varchar(100) NOT NULL,
  PRIMARY KEY  (`id`),
  KEY `index_area` (`id`),
  CONSTRAINT `areas_ibfk_1` FOREIGN KEY (`id`) REFERENCES `areas` (`id`)
) ENGINE=InnoDB AUTO_INCREMENT=461 DEFAULT CHARSET=latin1;
/*!40101 SET character_set_client = @saved_cs_client */;

--
-- Dumping data for table `areas`
--

LOCK TABLES `areas` WRITE;
/*!40000 ALTER TABLE `areas` DISABLE KEYS */;
INSERT INTO `areas` VALUES (1,'ABIDS','ABIDS','ABIDS'),(2,'Adarsh Nagar','Adarsh Nagar','Adarsh Nagar'),(3,'Aghapura','Aghapura','Aghapura'),(4,'Aliabad','Moinbad','Moinbad (Aliabad)'),(5,'Aliabad','Huppuguda','Huppuguda (Aliabad)'),(6,'Aliabad','Phoolbagh','Phoolbagh (Aliabad)'),(7,'Alwal','Sri Sai Colony','Sri Sai Colony(Alwal)'),(8,'Alwal','Mallareddy Nagar','Mallareddy Nagar(Alwal)'),(9,'Alwal','Elite Colony','Elite Colony(Alwal)'),(10,'Alwal','Bhanu Enclave','Bhanu Enclave(Alwal)'),(11,'Alwal','Lakadwala Colony','Lakadwala Colony(Alwal)'),(12,'Alwal','Bolarum','Bolarum(Alwal)'),(13,'Alwal','Bajrang Colony','Bajrang Colony(Alwal)'),(14,'Amberpet','Aphb Colony','Aphb Colony(Amberpet)'),(15,'Amberpet','Sarada Nagar','Sarada Nagar(Amberpet)'),(16,'Amberpet','Santhi Nagar','Santhi Nagar(Amberpet)'),(17,'Amberpet','Akash Nagar','Akash Nagar(Amberpet)'),(18,'Amberpet','Bagh Amberpet','Bagh Amberpet(Amberpet)'),(19,'Amberpet','Ramanthapur','Ramanthapur(Amberpet)'),(20,'Amberpet','Golnaka','Golnaka(Amberpet)'),(21,'Ameerpet','D K Road ','D K Road (Ameerpet)'),(22,'Ameerpet','Leela Nagar ','Leela Nagar (Ameerpet)'),(23,'Ameerpet','Sham Karam Road ','Sham Karam Road (Ameerpet)'),(24,'Anand Nagar Colony','Ambedkar nagar ','Ambedkar nagar (Anand Nagar Colony)'),(25,'Anand Nagar Colony','Chinthal Basthi ','Chinthal Basthi (Anand Nagar Colony)'),(26,'Anand Nagar Colony','Prem Nagar ','Prem Nagar (Anand Nagar Colony)'),(27,'Anand Nagar Colony','Khairatabad ','Khairatabad (Anand Nagar Colony)'),(28,'As Rao Nagar','Kakatiya Nagar','Kakatiya Nagar(As Rao Nagar)'),(29,'As Rao Nagar','Madhura Nagar','Madhura Nagar(As Rao Nagar)'),(30,'As Rao Nagar','Hill Top Colony','Hill Top Colony(As Rao Nagar)'),(31,'As Rao Nagar','Anupuram Colony','Anupuram Colony(As Rao Nagar)'),(32,'As Rao Nagar','Green Hills Colony','Green Hills Colony(As Rao Nagar)'),(33,'Baba Nagar','Baba Nagar','Baba Nagar'),(34,'Bachupally','Bachupally','Bachupally'),(35,'Badangipet','Badangipet','Badangipet'),(36,'Bahadurpura','Bahadurpura','Bahadurpura'),(37,'Bala Nagar','Vinayak Nagar ','Vinayak Nagar (Bala Nagar)'),(38,'Bala Nagar','Saraband Nagar ','Saraband Nagar (Bala Nagar)'),(39,'Balapur','Vijay Durga Nagar ','Vijay Durga Nagar (Balapur)'),(40,'Balapur','Kanchan Bagh ','Kanchan Bagh (Balapur)'),(41,'Balapur','Bismillah Colony ','Bismillah Colony (Balapur)'),(42,'Balapur','Barkas ','Barkas (Balapur)'),(43,'Bandiaguda','Kismatpura','Kismatpura (Bandiaguda)'),(44,'Bandiaguda','Gandhamguda','Gandhamguda (Bandiaguda)'),(45,'Bandiaguda','Hydershakote','Hydershakote (Bandiaguda)'),(46,'Bandiaguda','Manchirevula','Manchirevula (Bandiaguda)'),(47,'Bandlaguda','Bandlaguda','Bandlaguda'),(48,'Banjara Hills','Road No 1 ','Road No 1 (Banjara Hills)'),(49,'Banjara Hills','Road No 2 ','Road No 2 (Banjara Hills)'),(50,'Banjara Hills','Road No 3 ','Road No 3 (Banjara Hills)'),(51,'Banjara Hills','Road No 4 ','Road No 4 (Banjara Hills)'),(52,'Banjara Hills','Road No 5 ','Road No 5 (Banjara Hills)'),(53,'Banjara Hills','Road No 6 ','Road No 6 (Banjara Hills)'),(54,'Banjara Hills','Road No 7 ','Road No 7 (Banjara Hills)'),(55,'Banjara Hills','Road No 8 ','Road No 8 (Banjara Hills)'),(56,'Banjara Hills','Road No 9 ','Road No 9 (Banjara Hills)'),(57,'Banjara Hills','Road No 10 ','Road No 10 (Banjara Hills)'),(58,'Banjara Hills','Road No 11 ','Road No 11 (Banjara Hills)'),(59,'Banjara Hills','Road No 12 ','Road No 12 (Banjara Hills)'),(60,'Banjara Hills','Road No 12 MLA colony ','Road No 12 MLA colony (Banjara Hills)'),(61,'Banjara Hills','Road No 13 ','Road No 13 (Banjara Hills)'),(62,'Banjara Hills','Road No 13A ','Road No 13A (Banjara Hills)'),(63,'Banjara Hills','Road No 14 ','Road No 14 (Banjara Hills)'),(64,'Barkas','Barkas','Barkas'),(66,'Basheer Bagh','Hyderguda ','Hyderguda (Basheer Bagh)'),(67,'Basheer Bagh','King Koti ','King Koti (Basheer Bagh)'),(68,'Begumpet','Brahminwadi ','Brahminwadi (Begumpet)'),(69,'Begumpet','Chikoti Gardens ','Chikoti Gardens (Begumpet)'),(70,'Begumpet','Prakasam Nagar ','Prakasam Nagar (Begumpet)'),(71,'Begumpet','Patigadda ','Patigadda (Begumpet)'),(72,'Begumpet','Anna Nagar ','Anna Nagar (Begumpet)'),(73,'Begumpet','Rasoolpur ','Rasoolpur (Begumpet)'),(74,'Begumpet','Kundan bagh ','Kundan bagh (Begumpet)'),(75,'Begumpet','Mayuri marg ','Mayuri marg (Begumpet)'),(76,'Begumpet','Methodist colony ','Methodist colony (Begumpet)'),(77,'Begumpet','Minister road ','Minister road (Begumpet)'),(78,'Begumpet','SP Road ','SP Road (Begumpet)'),(79,'Begumpet','Sindhi colony ','Sindhi colony (Begumpet)'),(80,'Begumpet','Uma nagar ','Uma nagar (Begumpet)'),(81,'Begumpet','PG Road ','PG Road (Begumpet)'),(82,'Bhel','Chanda Nagar ','Chanda Nagar (Bhel)'),(83,'Bhel','Madhinaguda ','Madhinaguda (Bhel)'),(84,'Bhel','Eddumailaram ','Eddumailaram (Bhel)'),(85,'Bhel','Bapu Nagar ','Bapu Nagar (Bhel)'),(86,'Bhel','Vidyut Nagar ','Vidyut Nagar (Bhel)'),(87,'Bhel','Tellapur ','Tellapur (Bhel)'),(88,'Bhel','Osman Nagar ','Osman Nagar (Bhel)'),(89,'Bhel','Gopanapalli Thanda ','Gopanapalli Thanda (Bhel)'),(90,'Bn Reddy Nagar','Meerpet ','Meerpet (Bn Reddy Nagar)'),(91,'Bn Reddy Nagar','Almasguda ','Almasguda (Bn Reddy Nagar)'),(92,'Bn Reddy Nagar','Badangipet ','Badangipet (Bn Reddy Nagar)'),(93,'Bn Reddy Nagar','Nadargul ','Nadargul (Bn Reddy Nagar)'),(94,'Bn Reddy Nagar','Turkayamjal ','Turkayamjal (Bn Reddy Nagar)'),(95,'Bn Reddy Nagar','Thorrur ','Thorrur (Bn Reddy Nagar)'),(96,'Bn Reddy Nagar','Injapur ','Injapur (Bn Reddy Nagar)'),(97,'Bn Reddy Nagar','Munganoor ','Munganoor (Bn Reddy Nagar)'),(98,'Bn Reddy Nagar','Vanasthalipuram ','Vanasthalipuram (Bn Reddy Nagar)'),(99,'Bn Reddy Nagar','Ec Nagar ','Ec Nagar (Bn Reddy Nagar)'),(100,'Bn Reddy Nagar','Railway Colony','Railway Colony(Bn Reddy Nagar)'),(101,'Bn Reddy Nagar','Mint Township','Mint Township(Bn Reddy Nagar)'),(102,'Boduppal','Hanuman Nagar Colony','Hanuman Nagar Colony(Boduppal)'),(103,'Boduppal','Surya Hills','Surya Hills(Boduppal)'),(104,'Boduppal','Krista Reddy Colony','Krista Reddy Colony(Boduppal)'),(105,'Boduppal','Bhagya Nagar Colony','Bhagya Nagar Colony(Boduppal)'),(106,'Boduppal','Bayanna Nagar','Bayanna Nagar(Boduppal)'),(107,'Boduppal','Ambedkar Nagar','Ambedkar Nagar(Boduppal)'),(108,'Boiguda','Bansilalpet','Bansilalpet(Boiguda)'),(109,'Boiguda','Jeera','Jeera(Boiguda)'),(110,'Boiguda','Rp Road','Rp Road(Boiguda)'),(111,'Boiguda','Old Boiguda','Old Boiguda(Boiguda)'),(112,'Boiguda','Ghasmandi','Ghasmandi(Boiguda)'),(113,'Boiguda','Monda Market','Monda Market(Boiguda)'),(114,'Boiguda','Shivaji Nagar','Shivaji Nagar(Boiguda)'),(115,'Boiguda','Kalasiguda','Kalasiguda(Boiguda)'),(116,'Bowenpally','Anand Nagar','Anand Nagar(Bowenpally)'),(117,'Bowenpally','Icrisat Colony','Icrisat Colony(Bowenpally)'),(118,'Bowenpally','Dubai Gate','Dubai Gate(Bowenpally)'),(119,'Bowenpally','Gun Rock Enclave','Gun Rock Enclave(Bowenpally)'),(120,'Bowenpally','Lal Bahadur Colony','Lal Bahadur Colony(Bowenpally)'),(121,'Bowenpally','Vasavi Nagar','Vasavi Nagar(Bowenpally)'),(122,'Bowenpally','Indra Nagar','Indra Nagar(Bowenpally)'),(123,'Bowenpally','Old Bowenpally','Old Bowenpally(Bowenpally)'),(124,'Bowenpally','Raja Rajeshwari Nagar','Raja Rajeshwari Nagar(Bowenpally)'),(125,'Bowenpally','Hasmathpet','Hasmathpet(Bowenpally)'),(126,'Bowenpally','Surya Enclave','Surya Enclave(Bowenpally)'),(127,'Chanakyapuri','Safilguda','Safilguda(Chanakyapuri)'),(128,'Chanakyapuri','Uttam Nagar','Uttam Nagar(Chanakyapuri)'),(129,'Chanakyapuri','Vani Nagar','Vani Nagar(Chanakyapuri)'),(130,'Chanakyapuri','Geetha Nagar','Geetha Nagar(Chanakyapuri)'),(131,'Chanakyapuri','Dayanand Nagar','Dayanand Nagar(Chanakyapuri)'),(132,'Chandrayangutta','Madhuban Colony ','Madhuban Colony (Chandrayangutta)'),(133,'Chandrayangutta','Shastri Puram ','Shastri Puram (Chandrayangutta)'),(134,'Chandrayangutta','Jalapally ','Jalapally (Chandrayangutta)'),(135,'Chandrayangutta','Sathamrai ','Sathamrai (Chandrayangutta)'),(136,'Chandrayangutta','Madanna Gudem','Madanna Gudem (Chandrayangutta)'),(137,'Chandrayangutta','Chandrayangutta','Chandrayangutta'),(138,'Charminar','Khilwat','Khilwat (Charminar)'),(139,'Charminar','Afzalganj ','Afzalganj (Charminar)'),(140,'Chikkadpalli','Ashok Nagar','Ashok Nagar(Chikkadpalli)'),(141,'Chikkadpalli','Devi Laxmi Bagh','Devi Laxmi Bagh(Chikkadpalli)'),(142,'Chikkadpalli','Bagh Lingampally','Bagh Lingampally(Chikkadpalli)'),(143,'Chowdhariguda','Bodhi Enclave','Bodhi Enclave(Chowdhariguda)'),(144,'Chowdhariguda','Vaibhav Colony','Vaibhav Colony(Chowdhariguda)'),(145,'Chowdhariguda','Gayathri Enclave','Gayathri Enclave(Chowdhariguda)'),(146,'Dhoolpet','Dhoolpet','Dhoolpet'),(147,'Dilsukhnagar','Dilsukhnagar ','Dilsukhnagar (Dilsukhnagar)'),(148,'Dilsukhnagar','Musarambag ','Musarambag (Dilsukhnagar)'),(149,'Dilsukhnagar','Gaddianaram ','Gaddianaram (Dilsukhnagar)'),(150,'Dilsukhnagar','Malakpet','Malakpet'),(151,'Dilsukhnagar','Saidabad ','Saidabad (Dilsukhnagar)'),(152,'Dilsukhnagar','Chaitanya Puri ','Chaitanya Puri (Dilsukhnagar)'),(153,'Dilsukhnagar','Kothapet ','Kothapet (Dilsukhnagar)'),(154,'Dilsukhnagar','Doctors Colony ','Doctors Colony (Dilsukhnagar)'),(155,'Dilsukhnagar','Saroor Nagar ','Saroor Nagar (Dilsukhnagar)'),(156,'Dilsukhnagar','Nagole ','Nagole (Dilsukhnagar)'),(157,'Dilsukhnagar','Nagole ','Nagole (Dilsukhnagar)'),(158,'Dilsukhnagar','Nagole ','Nagole (Dilsukhnagar)'),(159,'Erraadda','Moosapet ','Moosapet (Erragadda)'),(160,'Erraadda','Borabanda ','Borabanda (Erragadda)'),(161,'Erraadda','Allapur ','Allapur (Erragadda)'),(162,'Erraadda','Rana Pratap Nagar ','Rana Pratap Nagar (Erragadda)'),(163,'Erraadda','Moti Nagar ','Moti Nagar (Erragadda)'),(164,'Erraadda','Sarojni Naidu Nagar ','Sarojni Naidu Nagar (Erragadda)'),(165,'Erraadda','AG Colony ','AG Colony (Erragadda)'),(166,'Falaknuma','Falaknuma','Falaknuma'),(167,'Gachibowli','Telecom Nagar ','Telecom Nagar (Gachibowli)'),(168,'Gachibowli','Microsoft Dev Center ','Microsoft Dev Center (Gachibowli)'),(169,'Gachibowli','L & T ','L & T (Gachibowli)'),(170,'Gachibowli','Infosys ','Infosys (Gachibowli)'),(171,'Gachibowli','Madhava Reddy Colony ','Madhava Reddy Colony (Gachibowli)'),(172,'Gachibowli','Indira Nagar ','Indira Nagar (Gachibowli)'),(173,'Gachibowli','Gowlidody ','Gowlidody (Gachibowli)'),(174,'Gachibowli','ISB ','ISB (Gachibowli)'),(175,'Gachibowli','Financial District ','Financial District (Gachibowli)'),(176,'Gachibowli','Sri Shyam Nagar ','Sri Shyam Nagar (Gachibowli)'),(177,'Gachibowli','Khaja Guda ','Khaja Guda (Gachibowli)'),(178,'Gachibowli','University Of Hyderabad ','University Of Hyderabad (Gachibowli)'),(179,'Gachibowli','Journalists Colony ','Journalists Colony (Gachibowli)'),(180,'Gachibowli','ESCI ','ESCI (Gachibowli)'),(181,'Gangabowli','Aziz Bagh ','Aziz Bagh (Gangabowli)'),(182,'Gangabowli','Huda Colony ','Huda Colony (Gangabowli)'),(183,'Gangabowli','Kishan Nagar ','Kishan Nagar (Gangabowli)'),(184,'Gangabowli','Shibli Hills ','Shibli Hills (Gangabowli)'),(185,'Gangabowli','Rahimpura ','Rahimpura (Gangabowli)'),(186,'Gangabowli','Dhoolpet ','Dhoolpet (Gangabowli)'),(187,'Habisguda','Maheswari Nagar','Maheswari Nagar(Habisguda)'),(188,'Habisguda','Ravindra Nagar','Ravindra Nagar(Habisguda)'),(189,'Habisguda','Ss Nagar','Ss Nagar(Habisguda)'),(190,'Habisguda','Lalitha Nagar','Lalitha Nagar(Habisguda)'),(191,'Habisguda','Nagendra Nagar','Nagendra Nagar(Habisguda)'),(192,'Himayatnagar','Himayatnagar','Himayatnagar'),(193,'Hmt Nagar','Chiluka Nagar','Chiluka Nagar(Hmt Nagar)'),(194,'Hmt Nagar','Kummari Kunta','Kummari Kunta(Hmt Nagar)'),(195,'Hmt Nagar','Dharmapuri Colony','Dharmapuri Colony(Hmt Nagar)'),(196,'Hyderabad East','Hyderabad East','Hyderabad East'),(197,'Jubilee Hills','Film Nagar ','Film Nagar (Jubilee Hills)'),(198,'Jubilee Hills','Yousuf Guda ','Yousuf Guda (Jubilee Hills)'),(199,'Jubilee Hills','Huda Enclave ','Huda Enclave (Jubilee Hills)'),(200,'Jubilee Hills','Nandagiri Hills ','Nandagiri Hills (Jubilee Hills)'),(201,'Jubilee Hills','Silent Valley Hills ','Silent Valley Hills (Jubilee Hills)'),(202,'Jubilee Hills','Masthan Nagar ','Masthan Nagar (Jubilee Hills)'),(203,'Jubilee Hills','Road No 1 T0 45 ','Road No 1 T0 45 (Jubilee Hills)'),(204,'Jubilee Hills','Road No 46 To 96 ','Road No 46 To 96 (Jubilee Hills)'),(205,'Jubilee Hills','Gayatri Hills ','Gayatri Hills (Jubilee Hills)'),(206,'Jubilee Hills','Hylam Colony ','Hylam Colony (Jubilee Hills)'),(207,'Jubilee Hills','Krishna Nagar ','Krishna Nagar (Jubilee Hills)'),(208,'K L Reddy Nagar','Surya Nagar','Surya Nagar(K L Reddy Nagar)'),(209,'K L Reddy Nagar','Mallapur','Mallapur(K L Reddy Nagar)'),(210,'K L Reddy Nagar','Nacharam','Nacharam(K L Reddy Nagar)'),(211,'K L Reddy Nagar','Venkataramana Colony','Venkataramana Colony(K L Reddy Nagar)'),(212,'K L Reddy Nagar','Narsimha Colony','Narsimha Colony(K L Reddy Nagar)'),(213,'Kacheguda','Chappal Bazaar','Chappal Bazaar (Kacheguda)'),(214,'Kachiguda','Kachiguda','Kachiguda'),(215,'Kapra','Kushaiguda','Kushaiguda(Kapra)'),(216,'Kapra','Gr Reddy Nagar','Gr Reddy Nagar(Kapra)'),(217,'Kapra','Adarsh Nagar Colony','Adarsh Nagar Colony(Kapra)'),(218,'Kapra','Shiva Sai Nagar','Shiva Sai Nagar(Kapra)'),(219,'Kapra','Tarapuri Colony','Tarapuri Colony(Kapra)'),(220,'Kapra','Sai Priya Colony','Sai Priya Colony(Kapra)'),(221,'Karkhana','Rainbow Hospital','Rainbow Hospital(Karkhana)'),(222,'Karkhana','P & T Colony','P & T Colony(Karkhana)'),(223,'Karkhana','Balaji Colony ','Balaji Colony (Karkhana)'),(224,'kishanbagh','Kishanbagh','Kishanbagh'),(225,'Kompally','Jeedimetla ','Jeedimetla (Kompally)'),(226,'Kondapur','Shilpa Hills ','Shilpa Hills (Kondapur)'),(227,'Kondapur','Kothaguda ','Kothaguda (Kondapur)'),(228,'Kondapur','Cmc Enclave ','Cmc Enclave (Kondapur)'),(229,'Kondapur','Masjid Banda ','Masjid Banda (Kondapur)'),(230,'Kondapur','JV Hills ','JV Hills (Kondapur)'),(231,'Kondapur','Doyens Colony ','Doyens Colony (Kondapur)'),(232,'Kondapur','Papireddy Nagar ','Papireddy Nagar (Kondapur)'),(233,'Koti','Troop Bazaar ','Troop Bazaar (Koti)'),(234,'Koti','Inderbagh ','Inderbagh (Koti)'),(235,'Koti','Koti','Koti'),(236,'Kukatpally','Ramnaresh Colony ','Ramnaresh Colony (Kukatpally)'),(237,'Kukatpally','A S Raju Nagar ','A S Raju Nagar (Kukatpally)'),(238,'Kukatpally','Nizampet ','Nizampet (Kukatpally)'),(239,'Kukatpally','Vasantha Nagar ','Vasantha Nagar (Kukatpally)'),(240,'Kukatpally','Malaysian Township ','Malaysian Township (Kukatpally)'),(241,'Kukatpally','Vijaynagar Colony ','Vijaynagar Colony (Kukatpally)'),(242,'Kukatpally','Habeeb Nagar ','Habeeb Nagar (Kukatpally)'),(243,'Kukatpally','Pragathi Nagar ','Pragathi Nagar (Kukatpally)'),(244,'Kukatpally','Vignanapuri Colony ','Vignanapuri Colony (Kukatpally)'),(245,'Kukatpally','Chenna Reddy Nagar ','Chenna Reddy Nagar (Kukatpally)'),(246,'Kukatpally','Ranga Reddy Nagar ','Ranga Reddy Nagar (Kukatpally)'),(247,'Kukatpally','Rama Krishna Nagar ','Rama Krishna Nagar (Kukatpally)'),(248,'Kukatpally','Papi Reddy Nagar ','Papi Reddy Nagar (Kukatpally)'),(249,'Kukatpally','Sreenivasa Nagar ','Sreenivasa Nagar (Kukatpally)'),(250,'Lakdikapul','Shantinagar Colony ','Shantinagar Colony (Lakdikapul)'),(251,'Lakdikapul','Ac Gaurds ','Ac Gaurds (Lakdikapul)'),(252,'Lakdikapul','Red Hills ','Red Hills (Lakdikapul)'),(253,'LB nagar','LB nagar','LB nagar'),(254,'Lic Colony','Sbh Colony','Sbh Colony(Lic Colony)'),(255,'Lingampally','Lingampally','Lingampally'),(257,'Madhapur','Madhapur','Madhapur'),(258,'Madhapur','Hitech City ','Hitech City (Madhapur)'),(259,'Madhapur','Diamond Hills ','Diamond Hills (Madhapur)'),(260,'Madhapur','Pj Reddy Nagar ','Pj Reddy Nagar (Madhapur)'),(261,'Madhapur','Anjaiah Nagar ','Anjaiah Nagar (Madhapur)'),(262,'Madhapur','Sri Rama Colony ','Sri Rama Colony (Madhapur)'),(263,'Madhapur','Silicon Valley ','Silicon Valley (Madhapur)'),(264,'Madhapur','Chanda Naik Nagar ','Chanda Naik Nagar (Madhapur)'),(265,'Madhapur','Bhagyanagar Colony ','Bhagyanagar Colony (Madhapur)'),(266,'Madhapur','Khanamet ','Khanamet (Madhapur)'),(267,'Madhapur','Whitefields ','Whitefields (Madhapur)'),(268,'Madhapur','Siddiq Nagar ','Siddiq Nagar (Madhapur)'),(269,'Madhapur','Kavun Hills ','Kavun Hills (Madhapur)'),(270,'Madhapur','Patrika Nagar ','Patrika Nagar (Madhapur)'),(271,'Madhapur','Vittal Rao Nagar ','Vittal Rao Nagar (Madhapur)'),(272,'Mallepally','Mahesh Nagar ','Mahesh Nagar (Mallepally)'),(273,'Mallepally','Darus Salam ','Darus Salam (Mallepally)'),(274,'Mallepally','Bazaar Ghat','Bazaar Ghat'),(275,'Mallepally','New Mallepally ','New Mallepally (Mallepally)'),(276,'Manikya Nagar','VR Nagar ','VR Nagar (Manikya Nagar)'),(277,'Manikya Nagar','HMT ','HMT (Manikya Nagar)'),(278,'Manikya Nagar','Qutubullapur ','Qutubullapur (Manikya Nagar)'),(279,'Manikya Nagar','Pipeline road ','Pipeline road (Manikya Nagar)'),(280,'Marredpally','SD Road','SD Road(Marredpally)'),(281,'Marredpally','Tarakarama Nagar','Tarakarama Nagar(Marredpally)'),(282,'Marredpally','East Marredpally','East Marredpally(Marredpally)'),(283,'Marredpally','Masreddipalli','Masreddipalli(Marredpally)'),(284,'Marredpally','Malkajgiri','Malkajgiri(Marredpally)'),(285,'Marredpally','Mahendra Hills','Mahendra Hills(Marredpally)'),(286,'Marredpally','Lalitha Nagar','Lalitha Nagar(Marredpally)'),(287,'Marredpally','Savrashukhi Colony','Savrashukhi Colony(Marredpally)'),(288,'Marredpally','West Marredpally','West Marredpally(Marredpally)'),(289,'Masab Tank','Bhola Nagar ','Bhola Nagar (Masab Tank)'),(290,'Masab Tank','Owaisi Pura ','Owaisi Pura (Masab Tank)'),(291,'Masab Tank','NBT Nagar ','NBT Nagar (Masab Tank)'),(292,'Masab Tank','Mehndhipatanam ','Mehndhipatanam (Masab Tank)'),(293,'Masab Tank','Venkateshwara Colony ','Venkateshwara Colony (Masab Tank)'),(294,'Meerpet','Meerpet','Meerpet'),(295,'Mehdipatnam','Murad Nagar ','Murad Nagar (Mehdipatnam)'),(296,'Mehdipatnam','Attapur ','Attapur (Mehdipatnam)'),(297,'Mehdipatnam','Guddimalkapur','Guddimalkapur (Mehdipatnam)'),(298,'Miyapur','Hafeezpet ','Hafeezpet (Miyapur)'),(299,'Miyapur','Mythri Nagar ','Mythri Nagar (Miyapur)'),(300,'Miyapur','Indra Reddy Colony ','Indra Reddy Colony (Miyapur)'),(301,'Miyapur','Bhikshapati Nagar ','Bhikshapati Nagar (Miyapur)'),(302,'Miyapur','Indu Fortune Fields ','Indu Fortune Fields (Miyapur)'),(303,'Miyapur','Vinayak Nagar Colony ','Vinayak Nagar Colony (Miyapur)'),(304,'Miyapur','Ushodaya Enclave ','Ushodaya Enclave (Miyapur)'),(305,'Miyapur','Madeenaguda ','Madeenaguda (Miyapur)'),(306,'Miyapur','Prajay City ','Prajay City (Miyapur)'),(307,'Miyapur','Matrusri Nagar ','Matrusri Nagar (Miyapur)'),(308,'Miyapur','Salivahana Colony ','Salivahana Colony (Miyapur)'),(309,'Miyapur','Deepthisree Nagar ','Deepthisree Nagar (Miyapur)'),(310,'Miyapur','BK Enclave ','BK Enclave (Miyapur)'),(311,'Miyapur','Shilpa Avenue Colony ','Shilpa Avenue Colony (Miyapur)'),(312,'Moosarambagh','Moosarambagh','Moosarambagh'),(313,'Musheerabad','Gandhi Nagar','Gandhi Nagar(Musheerabad)'),(314,'Musheerabad','VV Giri Nagar','VV Giri Nagar(Musheerabad)'),(315,'Musheerabad','Jawahar Nagar','Jawahar Nagar(Musheerabad)'),(316,'Musheerabad','Bharat Nagar','Bharat Nagar(Musheerabad)'),(317,'Musheerabad','Ram Nagar','Ram Nagar(Musheerabad)'),(318,'Musheerabad','Vidya Nagar','Vidya Nagar(Musheerabad)'),(319,'Musheerabad','Adikmet','Adikmet(Musheerabad)'),(320,'Musheerabad','Madhuranagar','Madhuranagar(Musheerabad)'),(321,'Muttuguda','Anand Nagar','Anand Nagar(Muttuguda)'),(322,'Muttuguda','Nagole','Nagole(Muttuguda)'),(323,'Muttuguda','Auto Nagar','Auto Nagar(Muttuguda)'),(324,'Nagarjuna Nagar','Tarnaka','Tarnaka(Nagarjuna Nagar)'),(325,'Nagarjuna Nagar','Ram Reddy Colony','Ram Reddy Colony(Nagarjuna Nagar)'),(326,'Nagarjuna Nagar','Ravindra Nagar','Ravindra Nagar(Nagarjuna Nagar)'),(327,'Nagarjuna Nagar','Baba Nagar','Baba Nagar(Nagarjuna Nagar)'),(328,'Nampally','Nampally','Nampally'),(330,'Narayanuda','Vittal Wadi ','Vittal Wadi (Narayanguda)'),(331,'Narayanuda','Ramkoti ','Ramkoti (Narayanguda)'),(332,'Necklace Road','NTR Marg ','NTR Marg (Necklace Road)'),(333,'Osmania','Osmania University','Osmania University(Osmania )'),(334,'P V Nagar','Mirjalguda','Mirjalguda(P V Nagar)'),(335,'P V Nagar','Moulai','Moulai(P V Nagar)'),(336,'Padmarao Nagar','Indira Nagar','Indira Nagar(Padmarao Nagar)'),(337,'Padmarao Nagar','Chilakalguda','Chilakalguda(Padmarao Nagar)'),(338,'Padmarao Nagar','Srirayapatnam','Srirayapatnam(Padmarao Nagar)'),(339,'Padmarao Nagar','Arts College','Arts College(Padmarao Nagar)'),(340,'Padmarao Nagar','South Lalaguda','South Lalaguda(Padmarao Nagar)'),(341,'Panchsheel Enclave','Surya Nagar','Surya Nagar(Panchsheel Enclave)'),(342,'Panchsheel Enclave','Loyola College','Loyola College(Panchsheel Enclave)'),(343,'Pocharam','Mindspace East Hyd','Mindspace East Hyd(Pocharam)'),(344,'Pocharam','Annojiguda','Annojiguda(Pocharam)'),(345,'Pocharam','Narapally','Narapally(Pocharam)'),(346,'Pocharam','Surendra Nagar','Surendra Nagar(Pocharam)'),(347,'Punjagutta','Erram Manzil ','Erram Manzil (Punjagutta)'),(348,'Punjagutta','Balapur Basti ','Balapur Basti (Punjagutta)'),(349,'Punjagutta','Central Mall ','Central Mall (Punjagutta)'),(350,'Punjagutta','Greenlands ','Greenlands (Punjagutta)'),(351,'Puppalguda','Khizra Enclave ','Khizra Enclave (Puppalguda)'),(352,'Puppalguda','Alkapur Township ','Alkapur Township (Puppalguda)'),(353,'Puppalguda','Narsingi ','Narsingi (Puppalguda)'),(354,'Puppalguda','Tapovan Park ','Tapovan Park (Puppalguda)'),(355,'Puppalguda','Manikonda ','Manikonda (Puppalguda)'),(356,'R K Puram','Robert Road','Robert Road(R K Puram)'),(357,'R K Puram','G K Colony','G K Colony(R K Puram)'),(358,'R K Puram','Raghavendra Colony','Raghavendra Colony(R K Puram)'),(359,'R Krishnaih Nagar','Tatianaram','Tatianaram(R Krishnaih Nagar)'),(360,'R Krishnaih Nagar','Sri Ram Nagar','Sri Ram Nagar(R Krishnaih Nagar)'),(361,'R Krishnaih Nagar','Marripally','Marripally(R Krishnaih Nagar)'),(362,'R Krishnaih Nagar','Kuntloor','Kuntloor(R Krishnaih Nagar)'),(363,'R Krishnaih Nagar','Hayathnagar','Hayathnagar(R Krishnaih Nagar)'),(364,'Rajeev Nagar Colony','Nfc ','Nfc (Rajeev Nagar Colony)'),(365,'Rajeev Nagar Colony','Ecil','Ecil(Rajeev Nagar Colony)'),(366,'Rajeev Nagar Colony','Aphb Colony','Aphb Colony(Rajeev Nagar Colony)'),(367,'Rajeev Nagar Colony','Parisrama Colony','Parisrama Colony(Rajeev Nagar Colony)'),(368,'Rajeev Nagar Colony','Ashok Nagar','Ashok Nagar(Rajeev Nagar Colony)'),(369,'Rajeev Nagar Colony','Hcl Colony','Hcl Colony(Rajeev Nagar Colony)'),(370,'Rajeev Nagar Colony','Cherlapalli','Cherlapalli(Rajeev Nagar Colony)'),(371,'Rajendra Nagar','Premvati Pet','Premvati Pet (Rajendra Nagar)'),(372,'Rajendra nagar','Rajendra nagar','Rajendra nagar'),(373,'Rethibowli','Darga','Darga (Rethibowli)'),(374,'Rethibowli','Shaikpet','Shaikpet (Rethibowli)'),(375,'Rethibowli','Rethibowli','Rethibowli'),(376,'Rethibowli','Kishan Bagh Colony','Kishan Bagh Colony (Rethibowli)'),(377,'Rethibowli','Upperpally','Upperpally (Rethibowli)'),(378,'Rethibowli','Rethibowli','Rethibowli'),(379,'Rtc Colony','Canara Nagar','Canara Nagar(Rtc Colony)'),(380,'Rtc Colony','Gayatri Nagar','Gayatri Nagar(Rtc Colony)'),(381,'Rtc Colony','Bk Kurma Nagar','Bk Kurma Nagar(Rtc Colony)'),(382,'Rtc Colony','Parvathapuram','Parvathapuram(Rtc Colony)'),(383,'S R Nagar','Bapu Nagar ','Bapu Nagar (S R Nagar)'),(384,'S R Nagar','Balakampet ','Balakampet (S R Nagar)'),(385,'S R Nagar','Prashanth Colony ','Prashanth Colony (S R Nagar)'),(386,'S R Nagar','Shastri Nagar ','Shastri Nagar (S R Nagar)'),(387,'S R Nagar','B K Guda ','B K Guda (S R Nagar)'),(388,'S R Nagar','Czech Colony ','Czech Colony (S R Nagar)'),(389,'Saidabad','Saidabad','Saidabad'),(390,'Saifabad','Saifabad','Saifabad'),(391,'Sainik Nagar','Vivekanandpuram','Vivekanandpuram(Sainik Nagar)'),(392,'Sainik Nagar','Ganesh Nagar','Ganesh Nagar(Sainik Nagar)'),(393,'Sainik Nagar','Santoshi Matha Nagar','Santoshi Matha Nagar(Sainik Nagar)'),(394,'Sainikpuri','Nirmal Nagar','Nirmal Nagar(Sainikpuri)'),(395,'Sainikpuri','Ammuguda','Ammuguda(Sainikpuri)'),(396,'Sainikpuri','Shank Colony','Shank Colony(Sainikpuri)'),(397,'Sainikpuri','Malla Reddy Colony','Malla Reddy Colony(Sainikpuri)'),(398,'Sainikpuri','Sri Ram Nagar','Sri Ram Nagar(Sainikpuri)'),(399,'Sainikpuri','Saket','Saket(Sainikpuri)'),(400,'Sainikpuri','Santosh Nagar','Santosh Nagar(Sainikpuri)'),(401,'Sainikpuri','Jawahar Nagar','Jawahar Nagar(Sainikpuri)'),(402,'Sanath Nagar','Fathenagar ','Fathenagar (Sanath Nagar)'),(403,'Sanath Nagar','Gautam Nagar ','Gautam Nagar (Sanath Nagar)'),(404,'Sanath Nagar','Shobana Colony ','Shobana Colony (Sanath Nagar)'),(406,'Sbh Colony','Humayun Nagar ','Humayun Nagar (Sbh Colony)'),(407,'Sbh Colony','Sri Ram Nagar Colony ','Sri Ram Nagar Colony (Sbh Colony)'),(408,'Sbh Colony','Zeba Bagh ','Zeba Bagh (Sbh Colony)'),(409,'Sbh Colony','Vijyanagar Colony ','Vijyanagar Colony (Sbh Colony)'),(410,'Secundrabad','Secundrabad','Secundrabad'),(411,'Shamshabad','Velankanni Nagar ','Velankanni Nagar (Shamshabad)'),(412,'Shamshabad','Bhindavan Colony ','Bhindavan Colony (Shamshabad)'),(413,'Shamshabad','Thondapally ','Thondapally (Shamshabad)'),(414,'Shamshabad','Hamidullahnagar ','Hamidullahnagar (Shamshabad)'),(415,'Shamshabad','Shankarapuram ','Shankarapuram (Shamshabad)'),(416,'Shamshabad','Airport ','Airport (Shamshabad)'),(417,'Shamshabad Airport','Shamshabad Airport','Shamshabad Airport'),(418,'Sikhwadi','Chintailmet','Chintailmet (Sikhwadi)'),(419,'Sikhwadi','Chintailmet','Chintailmet (Sikhwadi)'),(420,'Somajiguda','Sangeet Nagar ','Sangeet Nagar (Somajiguda)'),(421,'Somajiguda','Nishat Bagh Colony ','Nishat Bagh Colony (Somajiguda)'),(422,'Somajiguda','Hussain nagar ','Hussain nagar (Somajiguda)'),(423,'Somajiguda','Rajbhavan Raod ','Rajbhavan Raod (Somajiguda)'),(424,'Srilaxmi Nagar','Buddha Nagar','Buddha Nagar(Srilaxmi Nagar)'),(425,'Srilaxmi Nagar','P & T Colony','P & T Colony(Srilaxmi Nagar)'),(426,'Srilaxmi Nagar','Kamala Nagar Colony','Kamala Nagar Colony(Srilaxmi Nagar)'),(427,'Srilaxmi Nagar','Venkatadri Nagar','Venkatadri Nagar(Srilaxmi Nagar)'),(428,'Srinagar Colony','Sagar Society ','Sagar Society (Srinagar Colony)'),(429,'Srinagar Colony','Aurora Colony ','Aurora Colony (Srinagar Colony)'),(430,'Srinagar Colony','Navodaya Colony ','Navodaya Colony (Srinagar Colony)'),(431,'Srinagar Colony','PR Colony ','PR Colony (Srinagar Colony)'),(432,'Srinagar Colony','Kamlapuri colony ','Kamlapuri colony (Srinagar Colony)'),(433,'Srinivas Puram','Ganesh Nagar','Ganesh Nagar(Srinivas Puram)'),(434,'Srinivas Puram','Gokhale Nagar','Gokhale Nagar(Srinivas Puram)'),(435,'Srinivas Puram','Ramnathapur','Ramnathapur(Srinivas Puram)'),(436,'Srinivas Puram','Sri Nagar','Sri Nagar(Srinivas Puram)'),(437,'Srinivas Puram','Doordarshan Colony','Doordarshan Colony(Srinivas Puram)'),(438,'Suraram','Saibaba Nagar ','Saibaba Nagar (Suraram)'),(439,'Suraram','APBH Colony ','APBH Colony (Suraram)'),(440,'Suraram','Venkatrama Colony ','Venkatrama Colony (Suraram)'),(441,'Suraram','Bahadurpally ','Bahadurpally (Suraram)'),(442,'Syed Ali Guda','Mahaveer Nagar Colony ','Mahaveer Nagar Colony (Syed Ali Guda)'),(443,'Syed Ali Guda','Karwan ','Karwan (Syed Ali Guda)'),(444,'Syed Ali Guda','Ziaguda','Ziaguda'),(445,'Syed Ali Guda','Moghal Nagar ','Moghal Nagar (Syed Ali Guda)'),(446,'Tolichoki','Yousuf Tekri ','Yousuf Tekri (Tolichoki)'),(447,'Tolichoki','Langar Houz ','Langar Houz (Tolichoki)'),(448,'Tolichoki','Sathya Colony ','Sathya Colony (Tolichoki)'),(449,'Tolichoki','Hakimpet ','Hakimpet (Tolichoki)'),(450,'Uppal','Saraswati Colony','Saraswati Colony(Uppal)'),(451,'Uppal','Church Colony','Church Colony(Uppal)'),(452,'Uppal','Uppal Hills','Uppal Hills(Uppal)'),(453,'Upparpally','Upparpally','Upparpally'),(454,'Uppuguda','Uppuguda','Uppuguda'),(455,'Vattapally','Vattapally','Vattapally'),(456,'Venkatapuram','Bhudevi Nagar','Bhudevi Nagar(Venkatapuram)'),(457,'Venkatapuram','Laxminagar','Laxminagar(Venkatapuram)'),(458,'Yousufguda','Vengal Rao Nagar ','Vengal Rao Nagar (Yousufguda)'),(459,'Yousufguda','Madhura nagar ','Madhura nagar (Yousufguda)'),(460,'Yousufguda','Yellareddyguda ','Yellareddyguda (Yousufguda)');
/*!40000 ALTER TABLE `areas` ENABLE KEYS */;
UNLOCK TABLES;

--
-- Table structure for table `cart`
--

DROP TABLE IF EXISTS `cart`;
/*!40101 SET @saved_cs_client     = @@character_set_client */;
/*!40101 SET character_set_client = utf8 */;
CREATE TABLE `cart` (
  `id` bigint(20) NOT NULL auto_increment,
  `session` varchar(1000) NOT NULL,
  `items` text NOT NULL,
  `timestamp` datetime NOT NULL,
  `user_ip` varchar(100) NOT NULL,
  `user_agent` varchar(1000) NOT NULL,
  PRIMARY KEY  (`id`)
) ENGINE=InnoDB AUTO_INCREMENT=45 DEFAULT CHARSET=latin1;
/*!40101 SET character_set_client = @saved_cs_client */;

--
-- Dumping data for table `cart`
--

LOCK TABLES `cart` WRITE;
/*!40000 ALTER TABLE `cart` DISABLE KEYS */;
INSERT INTO `cart` VALUES (1,'59a960bf185517dc5a8f33a52f1aecfeba40ee19','','0000-00-00 00:00:00','',''),(2,'354f9e87b997c2ae45b3f2fc4a56dc9620ea386e','','0000-00-00 00:00:00','',''),(3,'f423518fb55b24c60f908efdc980cb52065ad01a','{\"110\":{\"dish_id\":\"110\",\"dish_name\":\"SirataND2\",\"dish_price\":\"550\",\"restaurant\":\"4\",\"quantity\":\"1\"}}','0000-00-00 00:00:00','',''),(4,'7afa2af94fa08f80804a95959eaa8c837b35cf99','null','0000-00-00 00:00:00','',''),(5,'d20991c580044a62241ad9cd9990e397cb6b2c3f','{\"dishes\":[{\"dish_id\":\"110\",\"dish_name\":\"SirataND2\",\"dish_price\":\"550\",\"restaurant\":\"4\",\"quantity\":\"1\"},{\"dish_id\":\"110\",\"dish_name\":\"SirataND2\",\"dish_price\":\"550\",\"restaurant\":\"4\",\"quantity\":\"1\"},{\"dish_id\":\"110\",\"dish_name\":\"SirataND2\",\"dish_price\":\"550\",\"restaurant\":\"4\",\"quantity\":\"1\"},{\"dish_id\":\"109\",\"dish_name\":\"SirataND1\",\"dish_price\":\"551\",\"restaurant\":\"4\",\"quantity\":\"1\"},{\"dish_id\":\"110\",\"dish_name\":\"SirataND2\",\"dish_price\":\"550\",\"restaurant\":\"4\",\"quantity\":\"1\"}],\"total_price\":2751}','0000-00-00 00:00:00','',''),(6,'7857ec4d8d4e20050b689dbf6b87c857197fef1a','{\"dishes\":{\"110\":{\"dish_id\":\"110\",\"dish_name\":\"SirataND2\",\"dish_price\":\"550\",\"restaurant\":\"4\",\"quantity\":\"1\"}},\"total_price\":550}','0000-00-00 00:00:00','',''),(7,'4d7012590c6152527d2e57d01818304ba4a11d3a','{\"dishes\":[{\"dish_id\":\"112\",\"dish_name\":\"SirataND4\",\"dish_price\":\"550\",\"restaurant\":\"4\",\"quantity\":\"1\"},{\"dish_id\":\"112\",\"dish_name\":\"SirataND4\",\"dish_price\":\"550\",\"restaurant\":\"4\",\"quantity\":\"2\"},{\"dish_id\":\"112\",\"dish_name\":\"SirataND4\",\"dish_price\":\"550\",\"restaurant\":\"4\",\"quantity\":\"2\"},{\"dish_id\":\"112\",\"dish_name\":\"SirataND4\",\"dish_price\":\"550\",\"restaurant\":\"4\",\"quantity\":\"1\"}],\"total_price\":3300}','0000-00-00 00:00:00','',''),(8,'c13c5aa1285ca4da9e788d6bc0c72e9a6da99521','{\"dishes\":[{\"dish_id\":\"111\",\"dish_name\":\"SirataND3\",\"dish_price\":\"550\",\"restaurant\":\"4\",\"quantity\":\"1\"},{\"dish_id\":\"111\",\"dish_name\":\"SirataND3\",\"dish_price\":\"550\",\"restaurant\":\"4\",\"quantity\":\"1\"}],\"total_price\":1100}','0000-00-00 00:00:00','',''),(9,'bd75268d83b13433e0e18df60cdc9f01dd54d68e','{\"dishes\":[{\"dish_id\":\"110\",\"dish_name\":\"SirataND2\",\"dish_price\":\"550\",\"restaurant\":\"4\",\"quantity\":\"1\"},{\"dish_id\":\"110\",\"dish_name\":\"SirataND2\",\"dish_price\":\"550\",\"restaurant\":\"4\",\"quantity\":\"1\"}],\"total_price\":1100}','0000-00-00 00:00:00','',''),(10,'d2d2b4fd8466311675290fe4f3d82bbb8fb93e85','{\"dishes\":[{\"dish_id\":\"111\",\"dish_name\":\"SirataND3\",\"dish_price\":\"550\",\"restaurant\":\"4\",\"quantity\":\"1\"},{\"dish_id\":\"111\",\"dish_name\":\"SirataND3\",\"dish_price\":\"550\",\"restaurant\":\"4\",\"quantity\":\"1\"}],\"total_price\":1100}','0000-00-00 00:00:00','',''),(11,'8b001750692b10df29662268d7dfec1f2ad14ee6','{\"dishes\":{\"112\":{\"dish_id\":\"112\",\"dish_name\":\"SirataND4\",\"dish_price\":\"550\",\"restaurant\":\"4\",\"quantity\":\"1\"}},\"total_price\":550}','0000-00-00 00:00:00','',''),(12,'e3805dc4cd37c499ce0db69fec03094fbe896c61','{\"dishes\":[{\"dish_id\":\"112\",\"dish_name\":\"SirataND4\",\"dish_price\":\"550\",\"restaurant\":\"4\",\"quantity\":2},{\"dish_id\":\"111\",\"dish_name\":\"SirataND3\",\"dish_price\":\"550\",\"restaurant\":\"4\",\"quantity\":\"1\"}],\"total_price\":1650}','0000-00-00 00:00:00','',''),(13,'02e2e28d23f2adbb45ee5c757066e88a8e1135b6','{\"dishes\":{\"111\":{\"dish_id\":\"111\",\"dish_name\":\"SirataND3\",\"dish_price\":\"550\",\"restaurant\":\"4\",\"quantity\":2},\"112\":{\"dish_id\":\"112\",\"dish_name\":\"SirataND4\",\"dish_price\":\"550\",\"restaurant\":\"4\",\"quantity\":\"1\"},\"57\":{\"dish_id\":\"57\",\"dish_name\":\"Ulric Santiago\",\"dish_price\":\"809\",\"restaurant\":\"4\",\"quantity\":\"1\"},\"49\":{\"dish_id\":\"49\",\"dish_name\":\"Tatyana Forbes\",\"dish_price\":\"895\",\"restaurant\":\"4\",\"quantity\":2},\"110\":{\"dish_id\":\"110\",\"dish_name\":\"SirataND2\",\"dish_price\":\"550\",\"restaurant\":\"4\",\"quantity\":\"1\"}},\"total_price\":4799}','0000-00-00 00:00:00','',''),(14,'4c503f634d94768b5f400d41a488d59a2b547255','{\"dishes\":{\"111\":{\"dish_id\":\"111\",\"dish_name\":\"SirataND3\",\"dish_price\":\"550\",\"restaurant\":\"4\",\"quantity\":2},\"57\":{\"dish_id\":\"57\",\"dish_name\":\"Ulric Santiago\",\"dish_price\":\"809\",\"restaurant\":\"4\",\"quantity\":3},\"49\":{\"dish_id\":\"49\",\"dish_name\":\"Tatyana Forbes\",\"dish_price\":\"895\",\"restaurant\":\"4\",\"quantity\":3},\"110\":{\"dish_id\":\"110\",\"dish_name\":\"SirataND2\",\"dish_price\":\"550\",\"restaurant\":\"4\",\"quantity\":2},\"109\":{\"dish_id\":\"109\",\"dish_name\":\"SirataND1\",\"dish_price\":\"551\",\"restaurant\":\"4\",\"quantity\":3},\"112\":{\"dish_id\":\"112\",\"dish_name\":\"SirataND4\",\"dish_price\":\"550\",\"restaurant\":\"4\",\"quantity\":\"1\"}},\"total_price\":9515}','0000-00-00 00:00:00','',''),(15,'b3421450c4576e7daccdcc5df5178e0faa9f6eef','{\"dishes\":{\"110\":{\"dish_id\":\"110\",\"dish_name\":\"SirataND2\",\"dish_price\":\"550\",\"restaurant\":\"4\",\"quantity\":3},\"109\":{\"dish_id\":\"109\",\"dish_name\":\"SirataND1\",\"dish_price\":\"551\",\"restaurant\":\"4\",\"quantity\":5},\"112\":{\"dish_id\":\"112\",\"dish_name\":\"SirataND4\",\"dish_price\":\"550\",\"restaurant\":\"4\",\"quantity\":\"1\"}},\"total_price\":4955}','0000-00-00 00:00:00','',''),(16,'69f53841dbab32c40297b7c955b55c143514eea2','','0000-00-00 00:00:00','',''),(17,'10d79cba77fc68508972d472fc275148c9922399','{\"dishes\":{\"112\":{\"dish_id\":\"112\",\"dish_name\":\"SirataND4\",\"dish_price\":\"550\",\"restaurant\":\"4\",\"quantity\":\"1\"}},\"total_price\":550}','0000-00-00 00:00:00','',''),(18,'669564de634c9adefe7cba212ae1fd3b1207c2bc','{\"dishes\":{\"112\":{\"dish_id\":\"112\",\"dish_name\":\"SirataND4\",\"dish_price\":\"550\",\"restaurant\":\"4\",\"quantity\":4},\"57\":{\"dish_id\":\"57\",\"dish_name\":\"Ulric Santiago\",\"dish_price\":\"809\",\"restaurant\":\"4\",\"quantity\":\"1\"},\"109\":{\"dish_id\":\"109\",\"dish_name\":\"SirataND1\",\"dish_price\":\"551\",\"restaurant\":\"4\",\"quantity\":8},\"110\":{\"dish_id\":\"110\",\"dish_name\":\"SirataND2\",\"dish_price\":\"550\",\"restaurant\":\"4\",\"quantity\":4},\"49\":{\"dish_id\":\"49\",\"dish_name\":\"Tatyana Forbes\",\"dish_price\":\"895\",\"restaurant\":\"4\",\"quantity\":2},\"111\":{\"dish_id\":\"111\",\"dish_name\":\"SirataND3\",\"dish_price\":\"550\",\"restaurant\":\"4\",\"quantity\":\"1\"}},\"total_price\":11957}','0000-00-00 00:00:00','',''),(19,'a65debcafc20904953a74d75e9bfe0876eec47c3','{\"dishes\":{\"109\":{\"dish_id\":\"109\",\"dish_name\":\"SirataND1\",\"dish_price\":\"551\",\"restaurant\":\"4\",\"quantity\":\"1\"},\"110\":{\"dish_id\":\"110\",\"dish_name\":\"SirataND2\",\"dish_price\":\"550\",\"restaurant\":\"4\",\"quantity\":\"1\"},\"57\":{\"dish_id\":\"57\",\"dish_name\":\"Ulric Santiago\",\"dish_price\":\"809\",\"restaurant\":\"4\",\"quantity\":\"1\"},\"49\":{\"dish_id\":\"49\",\"dish_name\":\"Tatyana Forbes\",\"dish_price\":\"895\",\"restaurant\":\"4\",\"quantity\":\"1\"},\"111\":{\"dish_id\":\"111\",\"dish_name\":\"SirataND3\",\"dish_price\":\"550\",\"restaurant\":\"4\",\"quantity\":\"1\"},\"112\":{\"dish_id\":\"112\",\"dish_name\":\"SirataND4\",\"dish_price\":\"550\",\"restaurant\":\"4\",\"quantity\":\"1\"}},\"total_price\":3905}','0000-00-00 00:00:00','',''),(20,'3d9ac4aff8ac7eb2acc434172654020fd2506a93','{\"dishes\":{\"110\":{\"dish_id\":\"110\",\"dish_name\":\"SirataND2\",\"dish_price\":\"550\",\"restaurant\":\"4\",\"quantity\":1.0000101e+15},\"57\":{\"dish_id\":\"57\",\"dish_name\":\"Ulric Santiago\",\"dish_price\":\"809\",\"restaurant\":\"4\",\"quantity\":7},\"49\":{\"dish_id\":\"49\",\"dish_name\":\"Tatyana Forbes\",\"dish_price\":\"895\",\"restaurant\":\"4\",\"quantity\":5},\"109\":{\"dish_id\":\"109\",\"dish_name\":\"SirataND1\",\"dish_price\":\"551\",\"restaurant\":\"4\",\"quantity\":13},\"111\":{\"dish_id\":\"111\",\"dish_name\":\"SirataND3\",\"dish_price\":\"550\",\"restaurant\":\"4\",\"quantity\":8},\"112\":{\"dish_id\":\"112\",\"dish_name\":\"SirataND4\",\"dish_price\":\"550\",\"restaurant\":\"4\",\"quantity\":1.0000000000001e+28}},\"total_price\":5.5000000000011e+30}','0000-00-00 00:00:00','',''),(21,'3755acda7af5a9ca9591284e8cf3d7cfb2e36914','{\"dishes\":{\"109\":{\"dish_id\":\"109\",\"dish_name\":\"SirataND1\",\"dish_price\":\"551\",\"restaurant\":\"4\",\"quantity\":2},\"49\":{\"dish_id\":\"49\",\"dish_name\":\"Tatyana Forbes\",\"dish_price\":\"895\",\"restaurant\":\"4\",\"quantity\":3},\"57\":{\"dish_id\":\"57\",\"dish_name\":\"Ulric Santiago\",\"dish_price\":\"809\",\"restaurant\":\"4\",\"quantity\":4}},\"total_price\":7023}','0000-00-00 00:00:00','',''),(22,'70638cc8b8ce96a711ab16e3af816b57292be6a6','{\"dishes\":{\"57\":{\"dish_id\":\"57\",\"dish_name\":\"Ulric Santiago\",\"dish_price\":\"809\",\"restaurant\":\"4\",\"quantity\":3},\"49\":{\"dish_id\":\"49\",\"dish_name\":\"Tatyana Forbes\",\"dish_price\":\"895\",\"restaurant\":\"4\",\"quantity\":2},\"110\":{\"dish_id\":\"110\",\"dish_name\":\"SirataND2\",\"dish_price\":\"550\",\"restaurant\":\"4\",\"quantity\":2},\"109\":{\"dish_id\":\"109\",\"dish_name\":\"SirataND1\",\"dish_price\":\"551\",\"restaurant\":\"4\",\"quantity\":7}},\"total_price\":9174}','0000-00-00 00:00:00','',''),(23,'a452d322389bdf21a3b26d9ac6e4c1d4ff8bdcc6','{\"dishes\":{\"1\":{\"dish_id\":\"1\",\"dish_name\":\"Biryani\",\"dish_price\":\"120.5\",\"restaurant\":\"1\",\"quantity\":7},\"37\":{\"dish_id\":\"37\",\"dish_name\":\"Tara Graham\",\"dish_price\":\"556\",\"restaurant\":\"1\",\"quantity\":2}},\"total_price\":1955.5}','0000-00-00 00:00:00','',''),(24,'525c53cb4ef3b48af007fd6249a0c93e8399c495','{\"dishes\":{\"1\":{\"dish_id\":\"1\",\"dish_name\":\"Biryani\",\"dish_price\":\"120.5\",\"restaurant\":\"1\",\"quantity\":\"1\"}},\"total_price\":120.5}','0000-00-00 00:00:00','',''),(25,'45cd41e4a9640b6127feb8a4875e15910a98a53d','','0000-00-00 00:00:00','',''),(26,'cec63bbd4e141da2a7e425887695e4035e0277b6','','0000-00-00 00:00:00','',''),(27,'8f070e7f592caf0e25e88b7bc298e64cb68bc83c','','0000-00-00 00:00:00','',''),(28,'a57e9d5d1cbe8fbf142022efb1174456b548a6ea','','0000-00-00 00:00:00','',''),(29,'fd6a613c6774aa45de84816de153651c7a5de96a','{\"dishes\":[],\"total_price\":0}','0000-00-00 00:00:00','',''),(30,'1551d4265a0f7e6cde688a93309a79d563d18381','','0000-00-00 00:00:00','',''),(31,'7a4362d41e97034198c46061f035144807409e59','{\"dishes\":{\"127\":{\"dish_id\":\"127\",\"dish_name\":\"Chicken Noodles\",\"dish_price\":\"130\",\"restaurant\":\"113\",\"category\":\"Noodles\",\"quantity\":2},\"126\":{\"dish_id\":\"126\",\"dish_name\":\"Veg.Manchuriya\",\"dish_price\":\"120\",\"restaurant\":\"113\",\"category\":\"Snacks Veg.\",\"quantity\":5},\"125\":{\"dish_id\":\"125\",\"dish_name\":\"chilli chicken\",\"dish_price\":\"160\",\"restaurant\":\"113\",\"category\":\"Snacks Non Veg\",\"quantity\":2}},\"total_price\":1180}','0000-00-00 00:00:00','',''),(32,'1ee2f73a06c07e7deb53a3c69be4a5b463fb35cb','{\"dishes\":{\"120\":{\"dish_id\":\"120\",\"dish_name\":\"new_amrutham\",\"dish_price\":\"500\",\"restaurant\":\"1\",\"category\":\"\",\"quantity\":3},\"1\":{\"dish_id\":\"1\",\"dish_name\":\"Biryani\",\"dish_price\":\"125.8\",\"restaurant\":\"1\",\"category\":\"\",\"quantity\":3},\"37\":{\"dish_id\":\"37\",\"dish_name\":\"Tara Graham\",\"dish_price\":\"556\",\"restaurant\":\"1\",\"category\":\"\",\"quantity\":2}},\"total_price\":2989.4}','0000-00-00 00:00:00','',''),(33,'3f265353ba9e2e0dfb3b5bfc8337243be2d7ccf6','','0000-00-00 00:00:00','',''),(34,'ceebbc4c736e81ba8bb980dcfb643ffc32b483e4','{\"dishes\":{\"2\":{\"dish_id\":\"2\",\"dish_name\":\"Biryani\",\"dish_price\":\"150.78\",\"restaurant\":\"2\",\"category\":\"\",\"quantity\":2},\"57\":{\"dish_id\":\"57\",\"dish_name\":\"Ulric Santiago\",\"dish_price\":\"809\",\"restaurant\":\"4\",\"category\":\"\",\"quantity\":\"1\"}},\"total_price\":1110.56}','0000-00-00 00:00:00','',''),(35,'fc0049d2a1c905704dfdb7353555def76869e5c2','{\"dishes\":{\"142\":{\"dish_id\":\"142\",\"dish_name\":\"crispy potato\",\"dish_price\":\"150\",\"restaurant\":\"114\",\"category\":\"appetizers\",\"quantity\":33},\"129\":{\"dish_id\":\"129\",\"dish_name\":\"draon chilli mushroom\",\"dish_price\":\"185\",\"restaurant\":\"114\",\"category\":\"appetizers\",\"quantity\":\"1\"},\"135\":{\"dish_id\":\"135\",\"dish_name\":\"shanghai veg\",\"dish_price\":\"150\",\"restaurant\":\"114\",\"category\":\"appetizers\",\"quantity\":\"1\"},\"134\":{\"dish_id\":\"134\",\"dish_name\":\"CHILLI PANEER\",\"dish_price\":\"170\",\"restaurant\":\"114\",\"category\":\"APPETIZERS\",\"quantity\":2},\"146\":{\"dish_id\":\"146\",\"dish_name\":\"fried icecream\",\"dish_price\":\"80\",\"restaurant\":\"114\",\"category\":\"DESSERTS\",\"quantity\":\"1\"},\"147\":{\"dish_id\":\"147\",\"dish_name\":\"fried ice cream\",\"dish_price\":\"80\",\"restaurant\":\"114\",\"category\":\"DESSERTS\",\"quantity\":\"1\"},\"148\":{\"dish_id\":\"148\",\"dish_name\":\"fried ice cream1\",\"dish_price\":\"80\",\"restaurant\":\"114\",\"category\":\"DESSERTS\",\"quantity\":\"1\"},\"149\":{\"dish_id\":\"149\",\"dish_name\":\"fried ice cream2\",\"dish_price\":\"80\",\"restaurant\":\"114\",\"category\":\"DESSERTS\",\"quantity\":\"1\"},\"150\":{\"dish_id\":\"150\",\"dish_name\":\"fried ice cream3\",\"dish_price\":\"80\",\"restaurant\":\"114\",\"category\":\"DESSERTS\",\"quantity\":2},\"155\":{\"dish_id\":\"155\",\"dish_name\":\"fried ice cream8\",\"dish_price\":\"80\",\"restaurant\":\"114\",\"category\":\"DESSERTS\",\"quantity\":2},\"154\":{\"dish_id\":\"154\",\"dish_name\":\"fried ice cream7\",\"dish_price\":\"80\",\"restaurant\":\"114\",\"category\":\"DESSERTS\",\"quantity\":2},\"157\":{\"dish_id\":\"157\",\"dish_name\":\"fried ice cream10\",\"dish_price\":\"80\",\"restaurant\":\"114\",\"category\":\"DESSERTS\",\"quantity\":\"1\"},\"156\":{\"dish_id\":\"156\",\"dish_name\":\"fried ice cream9\",\"dish_price\":\"80\",\"restaurant\":\"114\",\"category\":\"DESSERTS\",\"quantity\":\"1\"},\"159\":{\"dish_id\":\"159\",\"dish_name\":\"fried ice cream11\",\"dish_price\":\"80\",\"restaurant\":\"114\",\"category\":\"DESSERTS\",\"quantity\":\"1\"},\"158\":{\"dish_id\":\"158\",\"dish_name\":\"fried ice cream111\",\"dish_price\":\"80\",\"restaurant\":\"114\",\"category\":\"DESSERTS\",\"quantity\":\"1\"},\"153\":{\"dish_id\":\"153\",\"dish_name\":\"fried ice cream6\",\"dish_price\":\"80\",\"restaurant\":\"114\",\"category\":\"DESSERTS\",\"quantity\":\"1\"},\"152\":{\"dish_id\":\"152\",\"dish_name\":\"fried ice cream5\",\"dish_price\":\"80\",\"restaurant\":\"114\",\"category\":\"DESSERTS\",\"quantity\":\"1\"},\"151\":{\"dish_id\":\"151\",\"dish_name\":\"fried ice cream4\",\"dish_price\":\"80\",\"restaurant\":\"114\",\"category\":\"DESSERTS\",\"quantity\":\"1\"},\"137\":{\"dish_id\":\"137\",\"dish_name\":\"kothe\",\"dish_price\":\"195\",\"restaurant\":\"114\",\"category\":\"DIM SUMS\",\"quantity\":2},\"139\":{\"dish_id\":\"139\",\"dish_name\":\"RED CHILLY CHICKEN\",\"dish_price\":\"195\",\"restaurant\":\"114\",\"category\":\"MAIN COURSE NON VEG\",\"quantity\":\"1\"},\"140\":{\"dish_id\":\"140\",\"dish_name\":\"THAI ROASTED LAMB\",\"dish_price\":\"195\",\"restaurant\":\"114\",\"category\":\"MAIN COURSE NON VEG\",\"quantity\":\"1\"},\"132\":{\"dish_id\":\"132\",\"dish_name\":\"fried ice cream\",\"dish_price\":\"80\",\"restaurant\":\"114\",\"category\":\"Desserts\",\"quantity\":2},\"131\":{\"dish_id\":\"131\",\"dish_name\":\"sweet corn soup\",\"dish_price\":\"80\",\"restaurant\":\"114\",\"category\":\"soups\",\"quantity\":\"1\"},\"138\":{\"dish_id\":\"138\",\"dish_name\":\"NASI GORENG\",\"dish_price\":\"200\",\"restaurant\":\"114\",\"category\":\"RICE\",\"quantity\":\"1\"},\"144\":{\"dish_id\":\"144\",\"dish_name\":\"egg soft noodles\",\"dish_price\":\"8\",\"restaurant\":\"114\",\"category\":\"noodles\",\"quantity\":\"1\"},\"145\":{\"dish_id\":\"145\",\"dish_name\":\"basil sgrimph\",\"dish_price\":\"1025\",\"restaurant\":\"114\",\"category\":\"nonveg\",\"quantity\":\"1\"},\"133\":{\"dish_id\":\"133\",\"dish_name\":\"phuket fish\",\"dish_price\":\"265\",\"restaurant\":\"114\",\"category\":\"NON-VEG\",\"quantity\":\"1\"}},\"total_price\":9503}','0000-00-00 00:00:00','',''),(36,'0a928ec744bddba2c6b848444d9cfe76e8816c0f','{\"dishes\":{\"120\":{\"dish_id\":\"120\",\"dish_name\":\"new_amrutham\",\"dish_price\":\"500\",\"restaurant\":\"1\",\"category\":\"\",\"quantity\":\"1\"}},\"total_price\":500}','0000-00-00 00:00:00','',''),(37,'71518657993636b00b8e8846628b2c628f093222','{\"dishes\":{\"57\":{\"dish_id\":\"57\",\"dish_name\":\"Ulric Santiago\",\"dish_price\":\"809\",\"restaurant\":\"4\",\"category\":\"\",\"quantity\":2},\"111\":{\"dish_id\":\"111\",\"dish_name\":\"SirataND3\",\"dish_price\":\"550\",\"restaurant\":\"4\",\"category\":\"\",\"quantity\":2},\"109\":{\"dish_id\":\"109\",\"dish_name\":\"SirataND1\",\"dish_price\":\"551\",\"restaurant\":\"4\",\"category\":\"test_cat\",\"quantity\":\"1\"},\"115\":{\"dish_id\":\"115\",\"dish_name\":\"new_in_live\",\"dish_price\":\"230\",\"restaurant\":\"4\",\"category\":\"new_cat_in_live\",\"quantity\":\"1\"},\"112\":{\"dish_id\":\"112\",\"dish_name\":\"SirataND4\",\"dish_price\":\"550\",\"restaurant\":\"4\",\"category\":\"cat_for_nd4\",\"quantity\":2}},\"total_price\":4599}','0000-00-00 00:00:00','',''),(38,'664e00cfdb5830ca3b30fe269b4b78b480397b23','{\"dishes\":{\"57\":{\"dish_id\":\"57\",\"dish_name\":\"Ulric Santiago\",\"dish_price\":\"809\",\"restaurant\":\"4\",\"category\":\"\",\"quantity\":3},\"111\":{\"dish_id\":\"111\",\"dish_name\":\"SirataND3\",\"dish_price\":\"550\",\"restaurant\":\"4\",\"category\":\"\",\"quantity\":\"1\"}},\"total_price\":2977}','0000-00-00 00:00:00','',''),(39,'c758a8f17f2305d19c6551bc8a9baed92a1f983b','','0000-00-00 00:00:00','',''),(40,'009ec0cd9680afd2b662dc3c06e6d8aab4eab092','{\"dishes\":{\"1\":{\"dish_id\":\"1\",\"dish_name\":\"Biryani\",\"dish_price\":\"125.8\",\"restaurant\":\"1\",\"category\":\"\",\"quantity\":2},\"37\":{\"dish_id\":\"37\",\"dish_name\":\"Tara Graham\",\"dish_price\":\"556\",\"restaurant\":\"1\",\"category\":\"\",\"quantity\":\"1\"},\"120\":{\"dish_id\":\"120\",\"dish_name\":\"new_amrutham\",\"dish_price\":\"500\",\"restaurant\":\"1\",\"category\":\"\",\"quantity\":\"1\"}},\"total_price\":1307.6}','0000-00-00 00:00:00','',''),(41,'42c8617dffb68304ebac95ac0295c1baf8d1a8f9','','0000-00-00 00:00:00','',''),(42,'22afc8abfa0521ccfa172de799b9fca7855567a8','','0000-00-00 00:00:00','',''),(43,'78261e383719819b26e105ac309e0f34b2768047','','0000-00-00 00:00:00','',''),(44,'c4402adce9ba4952b73fa996ebeb7a8dff907fd2','{\"dishes\":{\"44\":{\"dish_id\":\"44\",\"dish_name\":\"Cyrus Morris\",\"dish_price\":\"929\",\"restaurant\":\"57\",\"category\":\"\",\"quantity\":\"1\"}},\"total_price\":929}','0000-00-00 00:00:00','','');
/*!40000 ALTER TABLE `cart` ENABLE KEYS */;
UNLOCK TABLES;

--
-- Table structure for table `cuisines`
--

DROP TABLE IF EXISTS `cuisines`;
/*!40101 SET @saved_cs_client     = @@character_set_client */;
/*!40101 SET character_set_client = utf8 */;
CREATE TABLE `cuisines` (
  `id` bigint(20) NOT NULL auto_increment,
  `name` varchar(500) NOT NULL,
  PRIMARY KEY  (`id`)
) ENGINE=InnoDB AUTO_INCREMENT=22 DEFAULT CHARSET=latin1;
/*!40101 SET character_set_client = @saved_cs_client */;

--
-- Dumping data for table `cuisines`
--

LOCK TABLES `cuisines` WRITE;
/*!40000 ALTER TABLE `cuisines` DISABLE KEYS */;
INSERT INTO `cuisines` VALUES (1,'North Indian'),(2,'Hyderabadi'),(3,'Chinese'),(4,'Malvani'),(5,'Gujarati'),(6,'Italian'),(7,'Korean'),(8,'Thai'),(9,'South Indian'),(10,'Bengali'),(11,'Arabian'),(12,'Rajasthani'),(13,'Mexican'),(14,'French'),(15,'Oriental'),(16,'Fast Food'),(17,'Seafood'),(18,'Bakery'),(19,'Punjabi'),(20,'Mughlai'),(21,'Continental');
/*!40000 ALTER TABLE `cuisines` ENABLE KEYS */;
UNLOCK TABLES;

--
-- Table structure for table `dishes`
--

DROP TABLE IF EXISTS `dishes`;
/*!40101 SET @saved_cs_client     = @@character_set_client */;
/*!40101 SET character_set_client = utf8 */;
CREATE TABLE `dishes` (
  `id` bigint(20) NOT NULL auto_increment,
  `name` varchar(500) NOT NULL,
  `veg` varchar(20) NOT NULL default '0',
  `cuisine_id` bigint(20) NOT NULL,
  `price` double NOT NULL,
  `description` text NOT NULL,
  `category` varchar(200) NOT NULL,
  `restaurant_id` bigint(20) NOT NULL,
  `rating` float NOT NULL default '0',
  PRIMARY KEY  (`id`)
) ENGINE=InnoDB AUTO_INCREMENT=226 DEFAULT CHARSET=latin1;
/*!40101 SET character_set_client = @saved_cs_client */;

--
-- Dumping data for table `dishes`
--

LOCK TABLES `dishes` WRITE;
/*!40000 ALTER TABLE `dishes` DISABLE KEYS */;
INSERT INTO `dishes` VALUES (1,'Biryani','Veg',2,125.8,'This is very tasty','',1,3.28),(2,'Biryani','0',2,150.78,'','',2,4.178),(5,'Elaine Rutledge','',44,688,'','',96,4),(6,'Jorden Walls','',44,233,'','',85,3),(7,'Desiree Dennis','',53,334,'','',28,2),(8,'Anthony Holman','',83,619,'','',15,3),(9,'Reese Green','',18,620,'','',38,4),(10,'Yeo Mccray','',4,388,'','',88,1),(11,'Benjamin Cannon','',108,458,'','',75,4),(12,'David Cash','',65,314,'','',80,5),(13,'Sacha Strickland','',118,99,'','',84,5),(14,'Kiara Sims','',40,470,'','',61,5),(15,'Colorado Carlson','',60,790,'','',44,2),(16,'Cheyenne Reed','',116,323,'','',28,1),(17,'Davis Solomon','',26,189,'','',7,2),(18,'Rinah Ellis','',162,534,'','',33,3),(19,'Kyla Merritt','',71,567,'','',72,5),(20,'Kerry Fletcher','',39,764,'','',81,5),(21,'Fiona Wade','',16,181,'','',51,4),(22,'Holmes Frederick','',43,775,'','',31,2),(23,'Carl Navarro','',160,845,'','',68,5),(24,'Robert Spencer','',151,435,'','',39,4),(25,'Jolie Hull','',158,362,'','',8,1),(26,'Lionel Fitzgerald','',152,380,'','',62,5),(27,'Omar Herring','',163,194,'','',17,4),(28,'Gil Vang','',43,645,'','',34,5),(29,'Amos Burks','',70,644,'','',66,1),(30,'Nora Hewitt','',69,549,'','',54,2),(31,'Hall Goodman','',78,385,'','',5,1),(32,'Jennifer Durham','',176,982,'','',93,5),(33,'Florence English','',111,762,'','',76,3),(34,'Maite Branch','',192,104,'','',34,3),(35,'Sharon Perry','',148,627,'','',89,4),(36,'Amery Reyes','',141,996,'','',81,2),(37,'Tara Graham','NonVeg',6,556,'','',1,1),(38,'Suki Wells','',64,946,'','',37,2),(39,'Griffin Bright','',200,688,'','',40,5),(40,'Mariam Brennan','',168,676,'','',90,4),(41,'Zephr Villarreal','',42,572,'','',77,3),(42,'Carter Bolton','',104,678,'','',93,1),(43,'Zachary Velasquez','',148,881,'','',81,3),(44,'Cyrus Morris','',11,929,'','',57,2),(45,'Sybil Robbins','',169,596,'','',18,1),(46,'Naida Owens','',156,457,'','',51,3),(47,'Maile Dominguez','',89,432,'','',89,4),(48,'Tanya Wall','',111,181,'','',46,4),(49,'Tatyana Forbes','NonVeg',2,895,'','tatyna_forb_cat',4,3),(50,'Cyrus Sandoval','',3,855,'','',38,1),(51,'Quentin Sandoval','',117,104,'','',75,5),(52,'Henry Flowers','',27,245,'','',6,2),(53,'Tanek Hensley','',42,792,'','',40,1),(54,'Anne Henderson','',196,593,'','',73,4),(55,'Carson Francis','',167,275,'','',19,1),(56,'Steel Gallagher','',91,295,'','',62,5),(57,'Ulric Santiago','Veg',11,809,'','',4,1),(58,'Hilda Alston','',140,334,'','',3,3),(59,'Odysseus Snider','',153,449,'','',67,2),(60,'Dominic Bullock','',119,162,'','',99,3),(61,'Ainsley Mccray','',81,54,'','',20,5),(62,'Ivory Taylor','',64,833,'','',35,1),(63,'Chiquita Browning','',106,601,'','',93,2),(64,'Erin Lane','',102,974,'','',47,4),(65,'Aurora Stephens','',164,630,'','',65,4),(66,'Tobias Whitfield','',115,239,'','',26,3),(67,'Alexander Rogers','',25,90,'','',41,2),(68,'Laith Underwood','',43,246,'','',3,3),(69,'Kirby Short','',29,887,'','',62,4),(70,'Plato Combs','',199,12,'','',57,1),(71,'Amal Olson','',44,76,'','',31,2),(72,'Kelsie Knox','',119,916,'','',43,4),(73,'Jana Martinez','',121,332,'','',10,1),(74,'Hyacinth Bowen','',36,537,'','',67,2),(75,'Iliana Strong','',80,156,'','',47,1),(76,'Cleo Bell','',197,364,'','',15,1),(77,'Xena Ramirez','',93,395,'','',45,2),(78,'Mariam Middleton','',183,935,'','',36,4),(79,'Jaime Reed','',190,944,'','',1,4),(80,'Jena Wood','',12,132,'','',30,2),(81,'Wang Ray','',138,931,'','',31,5),(82,'Priscilla Dalton','',186,172,'','',92,2),(83,'Amaya Spence','',43,422,'','',16,4),(84,'Clark Cunningham','',181,541,'','',96,2),(85,'Warren Moreno','',57,275,'','',21,3),(86,'Roary Callahan','',134,645,'','',86,3),(87,'Ishmael Black','',192,721,'','',48,3),(88,'Francesca Hancock','',18,750,'','',12,3),(89,'Mohammad Hart','',157,499,'','',100,4),(90,'Brett Nelson','',80,522,'','',1,4),(91,'Francis Whitney','',83,608,'','',12,3),(92,'Dorian Cooke','',32,822,'','',38,5),(93,'Meghan Castro','',75,613,'','',45,2),(94,'Alice Shepherd','',164,208,'','',97,3),(95,'Reagan Hampton','',10,821,'','',28,3),(96,'Grady Holloway','',80,567,'','',52,2),(97,'Vanna Summers','',2,24,'','',35,2),(98,'Eden Chaney','',113,395,'','',81,4),(99,'Thomas Snyder','',129,109,'','',73,2),(100,'Gisela Burnett','',196,84,'','',42,5),(101,'Hall Hill','',180,682,'','',92,1),(102,'Honorato Jenkins','',108,393,'','',18,5),(103,'Clare Sandoval','',17,278,'','',60,1),(104,'Vanna Mayo','',30,805,'','',65,3),(105,'hyderabadi Dum Biryani','Veg',8,120,'','',0,0),(106,'hyderabadi Dum Biryani','Veg',8,120,'','',0,0),(107,'SirataND1','Veg',7,203,'','',0,0),(108,'SirataND1','NonVeg',1,120,'','',0,0),(109,'SirataND1','Veg',7,551,'','test_cat',4,0),(110,'SirataND2','Veg',7,550,'','',4,0),(111,'SirataND3','Veg',7,550,'','',4,0),(112,'SirataND4','Beverage',7,550,'','cat_for_nd4',4,0),(113,'new_swati','NonVeg',9,220,'','',5,0),(114,'new_dsh','NonVeg',4,300,'','new_cat',4,0),(115,'new_in_live','Veg',1,230,'','new_cat_in_live',4,0),(116,'Steam Rice','Veg',9,100,'','Rice',0,0),(117,'chicken corn soup','NonVeg',1,70,'','soup',0,0),(118,'chicken','NonVeg',4,200,'','snacks',0,0),(119,'rttewt','Beverage',1,444,'','eeee',0,0),(120,'new_amrutham','Beverage',3,500,'','',1,0),(121,'chicken','NonVeg',1,200,'','biryani',0,0),(122,'mutton','NonVeg',6,555,'','soup',0,0),(123,'tretewt','NonVeg',1,555,'','ghdgh',0,0),(124,'chicken','NonVeg',1,300,'','biryani',112,0),(125,'chilli chicken','NonVeg',9,160,'','Snacks Non Veg',113,0),(126,'Veg.Manchuriya','Veg',2,120,'','Snacks Veg.',113,0),(127,'Chicken Noodles','NonVeg',3,130,'','Noodles',113,0),(128,'chicken satay','NonVeg',3,190,'','NON-VEG',114,0),(129,'draon chilli mushroom','Veg',3,185,'','appetizers',114,0),(130,'fruit punch','Beverage',1,110,'','mock tail',114,0),(131,'sweet corn soup','Veg',10,80,'','soups',114,0),(132,'fried ice cream','Beverage',6,80,'','Desserts',114,0),(133,'phuket fish','NonVeg',4,265,'','NON-VEG',114,0),(134,'CHILLI PANEER','Veg',9,170,'','APPETIZERS',114,0),(135,'shanghai veg','Veg',3,150,'','appetizers',114,0),(136,'oyster chicken','NonVeg',20,195,'','main course non veg',114,0),(137,'kothe','Veg',3,195,'','DIM SUMS',114,0),(138,'NASI GORENG','NonVeg',3,200,'','RICE',114,0),(139,'RED CHILLY CHICKEN','NonVeg',3,195,'','MAIN COURSE NON VEG',114,0),(140,'THAI ROASTED LAMB','NonVeg',8,195,'','MAIN COURSE NON VEG',114,0),(141,'THAI ROASTED LAMB','NonVeg',8,255,'','MAIN COURSE NON VEG',114,0),(142,'crispy potato','Veg',3,150,'','appetizers',114,0),(143,'diet coke','Beverage',13,40,'','mock tails',114,0),(144,'egg soft noodles','Veg',9,8,'','noodles',114,0),(145,'basil sgrimph','NonVeg',7,1025,'','nonveg',114,0),(146,'fried icecream','Beverage',6,80,'','DESSERTS',114,0),(147,'fried ice cream','Beverage',6,80,'','DESSERTS',114,0),(148,'fried ice cream1','Beverage',6,80,'','DESSERTS',114,0),(149,'fried ice cream2','Beverage',6,80,'','DESSERTS',114,0),(150,'fried ice cream3','Beverage',6,80,'','DESSERTS',114,0),(151,'fried ice cream4','Beverage',6,80,'','DESSERTS',114,0),(152,'fried ice cream5','Beverage',6,80,'','DESSERTS',114,0),(153,'fried ice cream6','Beverage',6,80,'','DESSERTS',114,0),(154,'fried ice cream7','Beverage',6,80,'','DESSERTS',114,0),(155,'fried ice cream8','Beverage',6,80,'','DESSERTS',114,0),(156,'fried ice cream9','Beverage',6,80,'','DESSERTS',114,0),(157,'fried ice cream10','Beverage',6,80,'','DESSERTS',114,0),(158,'fried ice cream111','Beverage',6,80,'','DESSERTS',114,0),(159,'fried ice cream11','Beverage',6,80,'','DESSERTS',114,0),(160,'fried ice cream12','Beverage',6,80,'','DESSERTS',114,0),(161,'fried ice cream13','Beverage',6,80,'','DESSERTS',114,0),(162,'fried ice cream14','Beverage',6,80,'','DESSERTS',114,0),(163,'fried ice cream15','Beverage',6,80,'','DESSERTS',114,0),(164,'fried ice cream15','Beverage',6,80,'','DESSERTS',114,0),(165,'fried ice cream15','Beverage',6,80,'','DESSERTS',114,0),(166,'fried ice cream15','Beverage',6,80,'','DESSERTS',114,0),(167,'fried ice cream15','Beverage',6,80,'','DESSERTS',114,0),(168,'fried ice cream15','Beverage',6,80,'','DESSERTS',114,0),(169,'fried ice cream15','Beverage',6,80,'','DESSERTS',114,0),(170,'fried ice cream15','Beverage',6,80,'','DESSERTS',114,0),(171,'fried ice cream15','Beverage',6,80,'','DESSERTS',114,0),(172,'fried ice cream15','Beverage',6,80,'','DESSERTS',114,0),(173,'fried ice cream15','Beverage',6,80,'','DESSERTS',114,0),(174,'fried ice cream15','Beverage',11,80,'','DESSERTS',114,0),(175,'fried ice cream15','Beverage',12,80,'','DESSERTS',114,0),(176,'fried ice cream15','Beverage',13,80,'','DESSERTS',114,0),(177,'fried ice cream15','Beverage',14,80,'','DESSERTS',114,0),(178,'fried ice cream15','Beverage',15,80,'','DESSERTS',114,0),(179,'fried ice cream15','Beverage',18,80,'','DESSERTS',114,0),(180,'fried ice cream15','Beverage',18,80,'','DESSERTS',114,0),(181,'fried ice cream15','Beverage',18,80,'','DESSERTS',114,0),(182,'fried ice cream15','Beverage',18,80,'','DESSERTS',114,0),(183,'fried ice cream15','Beverage',18,80,'','DESSERTS',114,0),(184,'fried ice cream15','Beverage',18,80,'','DESSERTS',114,0),(185,'fried ice cream15','Beverage',18,80,'','DESSERTS',114,0),(186,'fried ice cream15','Beverage',18,80,'','DESSERTS',114,0),(187,'fried ice cream15','Beverage',18,80,'','DESSERTS',114,0),(188,'fried','Beverage',8,80,'','DESSERTS',114,0),(189,'fried','Beverage',8,80,'','DESSERTS',114,0),(190,'kingfisher(Blue)','Beverage',14,150,'','BEER',115,0),(191,'CARLSBERG','Beverage',1,160,'','BEER',115,0),(192,'TEACHER(50) 60ml','Beverage',1,279,'','WHISKY',115,0),(193,'TEACHER(50) 60ml','Beverage',1,279,'','WHISKY',115,0),(194,'KADAL CHICKEN','NonVeg',1,179,'','chicken curries',115,0),(195,'KADAL CHICKEN','NonVeg',1,179,'','chicken curries',115,0),(196,'KADAL CHICKEN','NonVeg',1,179,'','chicken curries',115,0),(197,'KADAL CHICKEN','NonVeg',1,179,'','chicken curries',115,0),(198,'KADAL CHICKEN','NonVeg',1,179,'','chicken curries',115,0),(199,'KADAL CHICKEN','NonVeg',1,179,'','chicken curries',115,0),(200,'KADAL CHICKEN','NonVeg',1,179,'','chicken curries',115,0),(201,'KADAL CHICKEN','NonVeg',1,179,'','chicken curries',115,0),(202,'KADAL CHICKEN','NonVeg',1,179,'','chicken curries',115,0),(203,'KADAL CHICKEN','NonVeg',1,179,'','chicken curries',115,0),(204,'KADAL CHICKEN','NonVeg',1,179,'','chicken curries',115,0),(205,'KADAL CHICKEN','NonVeg',1,179,'','chicken curries',115,0),(206,'KADAL CHICKEN','NonVeg',1,179,'','chicken curries',115,0),(207,'KADAL CHICKEN','NonVeg',1,179,'','chicken curries',115,0),(208,'KADAL CHICKEN','NonVeg',1,179,'','chicken curries',115,0),(209,'KADAL CHICKEN','NonVeg',1,179,'','chicken curries',115,0),(210,'KADAL CHICKEN','NonVeg',1,179,'','chicken curries',115,0),(211,'KADAL CHICKEN','NonVeg',1,179,'','chicken curries',115,0),(212,'KADAL CHICKEN','NonVeg',1,179,'','chicken curries',115,0),(213,'KADAL CHICKEN','NonVeg',1,179,'','chicken curries',115,0),(214,'KADAL CHICKEN','NonVeg',1,179,'','chicken curries',115,0),(215,'KADAL CHICKEN','NonVeg',1,179,'','chicken curries',115,0),(216,'KADAL CHICKEN','NonVeg',1,179,'','chicken curries',115,0),(217,'KADAL CHICKEN','NonVeg',1,179,'','chicken curries',115,0),(218,'KADAL CHICKEN','NonVeg',1,179,'','chicken curries',115,0),(219,'KADAL CHICKEN','NonVeg',1,179,'','chicken curries',115,0),(220,'KADAL CHICKEN','NonVeg',1,179,'','chicken curries',115,0),(221,'KADAL CHICKEN','NonVeg',1,179,'','chicken curries',115,0),(222,'KADAL CHICKEN','NonVeg',1,179,'','chicken curries',115,0),(223,'KADAL CHICKEN','NonVeg',1,179,'','chicken curries',115,0),(224,'KADAL CHICKEN','NonVeg',1,179,'','chicken curries',115,0),(225,'KADAL CHICKEN','NonVeg',1,179,'','chicken curries',115,0);
/*!40000 ALTER TABLE `dishes` ENABLE KEYS */;
UNLOCK TABLES;

--
-- Table structure for table `restaurants`
--

DROP TABLE IF EXISTS `restaurants`;
/*!40101 SET @saved_cs_client     = @@character_set_client */;
/*!40101 SET character_set_client = utf8 */;
CREATE TABLE `restaurants` (
  `id` bigint(20) NOT NULL auto_increment,
  `name` varchar(200) NOT NULL,
  `area_id` bigint(20) NOT NULL,
  `doorNo` varchar(100) NOT NULL,
  `landmark` varchar(100) NOT NULL,
  `pincode` varchar(50) NOT NULL,
  `contact1` varchar(50) NOT NULL,
  `contact2` varchar(100) NOT NULL,
  `contact3` varchar(100) NOT NULL,
  `email` varchar(50) NOT NULL,
  `feed_email` varchar(100) default NULL,
  `services` varchar(1024) default NULL,
  `features` varchar(1024) default NULL,
  `closedOn` varchar(100) default 'None',
  `deliver_distance` varchar(100) NOT NULL,
  `edeliverytime` time NOT NULL,
  `start_time` time NOT NULL,
  `end_time` time default NULL,
  `servicecharge` double NOT NULL default '0',
  `vat_tax` double NOT NULL default '0',
  `mindeliveryamount` double NOT NULL default '0',
  `menu_vat` double NOT NULL default '0',
  `deliveryCharges` varchar(100) NOT NULL,
  `payment` varchar(200) NOT NULL,
  `offersvia` varchar(100) NOT NULL,
  `happyh_start` time NOT NULL,
  `happyh_end` time NOT NULL,
  `aboutus` varchar(1000) NOT NULL,
  `latitude` varchar(200) NOT NULL,
  `longitude` varchar(200) NOT NULL,
  `buffet1` varchar(500) NOT NULL,
  `buffet2` varchar(500) NOT NULL,
  `buffet3` varchar(500) NOT NULL,
  `buffet4` varchar(500) NOT NULL,
  `time` datetime NOT NULL,
  `useragent` varchar(100) NOT NULL,
  `ipaddr` varchar(50) NOT NULL,
  `inserted` varchar(100) NOT NULL,
  PRIMARY KEY  (`id`),
  UNIQUE KEY `name` (`name`),
  KEY `area_id` (`area_id`),
  CONSTRAINT `restaurants_ibfk_1` FOREIGN KEY (`area_id`) REFERENCES `areas` (`id`)
) ENGINE=InnoDB AUTO_INCREMENT=116 DEFAULT CHARSET=latin1;
/*!40101 SET character_set_client = @saved_cs_client */;

--
-- Dumping data for table `restaurants`
--

LOCK TABLES `restaurants` WRITE;
/*!40000 ALTER TABLE `restaurants` DISABLE KEYS */;
INSERT INTO `restaurants` VALUES (1,'amrutham',14,'107-b','wrgwrg','600097','2243444324','','','sfcwfc@fcec.ece','','[\"TA\",\"PP\"]','[\"AC\",\"Smoking\"]','[\"TUE\",\"SUN\"]','15','00:00:00','00:00:00','00:00:00',0,2.4,0,0,'0','[\"Cash\",\"Sodexo\",\"Online\"]','','00:00:00','00:00:00','','10.000021331','13.103030103','','','','','2014-02-13 01:08:48','Mozilla/5.0 (Windows NT 6.1; WOW64) AppleWebKit/537.36 (KHTML, like Gecko) Chrome/32.0.1700.107 Safa','103.31.5.61','1'),(2,'abhiruchi',4,'','','600097','2243444324','','','jagannathryali@gmail.com',NULL,NULL,NULL,'None','','00:00:00','00:00:00','00:00:00',0,0,0,0,'','','','00:00:00','00:00:00','','','','','','','','2013-06-09 04:14:38','','',''),(3,'sarvana bhavan',4,'efwef','gef','600097','22442424','','','jagannathryali@gmail.com','','[\"DD\",\"TB\",\"BH\"]','[\"AC\",\"BAR\",\"Smoking\"]','[\"TUE\",\"WED\",\"FRI\",\"SAT\"]','10','00:00:00','00:00:00','00:00:00',0,0,0,0,'0','[\"Cash\",\"Card\",\"Sodexo\"]','','00:00:00','00:00:00','','100134131','1341341341','','','','','2014-01-23 16:44:27','Mozilla/5.0 (Windows NT 6.1; WOW64) AppleWebKit/537.36 (KHTML, like Gecko) Chrome/32.0.1700.76 Safar','108.162.208.47','1'),(4,'Sitara',2,'j','j','600097','2243444324','','','Sitara@gmail.com','Sitara@gmail.com','[\"DD\",\"TA\",\"PP\"]','[\"AC\",\"Smoking\",\"Wifi\"]','[\"MON\",\"WED\",\"FRI\",\"SUN\"]','','00:00:00','10:00:00','00:00:00',10.2,0,150,0,'10','[\"Cash\",\"Sodexo\",\"Online\"]','','01:00:00','07:30:00','This description is about sitara','13.0659290000','80.2424080000','','','','','2014-02-13 00:41:26','Mozilla/5.0 (Windows NT 6.1; WOW64) AppleWebKit/537.36 (KHTML, like Gecko) Chrome/32.0.1700.107 Safa','103.31.5.61','1'),(5,'Swathi',3,'ww','dwd','600097','2243444324','','','sfcwfc@fcec.ece','feed_email@feed.com','[\"TB\",\"BH\",\"CT\"]','[\"BAR\",\"Wifi\"]','[\"MON\",\"WED\",\"FRI\"]','','00:00:00','10:00:00','10:00:00',10,0,100,0,'10','','','00:00:00','00:00:00','','','','','','','','2013-12-28 02:47:30','Mozilla/5.0 (Windows NT 6.1; WOW64) AppleWebKit/537.36 (KHTML, like Gecko) Chrome/31.0.1650.63 Safar','127.0.0.1','1'),(7,'Odio Auctor Vitae Corporation',16,'','','','','','','',NULL,NULL,NULL,'None','','00:00:00','00:00:00','00:00:00',0,0,0,0,'','','','00:00:00','00:00:00','','','','','','','','0000-00-00 00:00:00','','',''),(8,'Sed Dictum Eleifend LLC',22,'','','','','','','',NULL,NULL,NULL,'None','','00:00:00','00:00:00','00:00:00',0,0,0,0,'','','','00:00:00','00:00:00','','','','','','','','0000-00-00 00:00:00','','',''),(9,'Vulputate Posuere Vulputate Consulting',109,'','','','','','','',NULL,NULL,NULL,'None','','00:00:00','00:00:00','00:00:00',0,0,0,0,'','','','00:00:00','00:00:00','','','','','','','','0000-00-00 00:00:00','','',''),(10,'Porttitor Inc.',102,'','','','','','','',NULL,NULL,NULL,'None','','00:00:00','00:00:00','00:00:00',0,0,0,0,'','','','00:00:00','00:00:00','','','','','','','','0000-00-00 00:00:00','','',''),(11,'Dui Lectus Rutrum Consulting',187,'','','','','','','',NULL,NULL,NULL,'None','','00:00:00','00:00:00','00:00:00',0,0,0,0,'','','','00:00:00','00:00:00','','','','','','','','0000-00-00 00:00:00','','',''),(12,'Orci Foundation',146,'','','','','','','',NULL,NULL,NULL,'None','','00:00:00','00:00:00','00:00:00',0,0,0,0,'','','','00:00:00','00:00:00','','','','','','','','0000-00-00 00:00:00','','',''),(13,'Duis Risus Odio Limited',154,'','','','','','','',NULL,NULL,NULL,'None','','00:00:00','00:00:00','00:00:00',0,0,0,0,'','','','00:00:00','00:00:00','','','','','','','','0000-00-00 00:00:00','','',''),(14,'Accumsan Associates',55,'','','','','','','',NULL,NULL,NULL,'None','','00:00:00','00:00:00','00:00:00',0,0,0,0,'','','','00:00:00','00:00:00','','','','','','','','0000-00-00 00:00:00','','',''),(15,'Mattis Cras Corp.',52,'','','','','','','',NULL,NULL,NULL,'None','','00:00:00','00:00:00','00:00:00',0,0,0,0,'','','','00:00:00','00:00:00','','','','','','','','0000-00-00 00:00:00','','',''),(16,'Montes Corp.',39,'','','','','','','',NULL,NULL,NULL,'None','','00:00:00','00:00:00','00:00:00',0,0,0,0,'','','','00:00:00','00:00:00','','','','','','','','0000-00-00 00:00:00','','',''),(17,'Dictum Augue Institute',145,'','','','','','','',NULL,NULL,NULL,'None','','00:00:00','00:00:00','00:00:00',0,0,0,0,'','','','00:00:00','00:00:00','','','','','','','','0000-00-00 00:00:00','','',''),(18,'Ligula Nullam Foundation',149,'','','','','','','',NULL,NULL,NULL,'None','','00:00:00','00:00:00','00:00:00',0,0,0,0,'','','','00:00:00','00:00:00','','','','','','','','0000-00-00 00:00:00','','',''),(19,'Enim Industries',138,'','','','','','','',NULL,NULL,NULL,'None','','00:00:00','00:00:00','00:00:00',0,0,0,0,'','','','00:00:00','00:00:00','','','','','','','','0000-00-00 00:00:00','','',''),(20,'Donec Tincidunt Ltd',143,'','','','','','','',NULL,NULL,NULL,'None','','00:00:00','00:00:00','00:00:00',0,0,0,0,'','','','00:00:00','00:00:00','','','','','','','','0000-00-00 00:00:00','','',''),(21,'Aliquam Enim Associates',7,'','','','','','','',NULL,NULL,NULL,'None','','00:00:00','00:00:00','00:00:00',0,0,0,0,'','','','00:00:00','00:00:00','','','','','','','','0000-00-00 00:00:00','','',''),(22,'Duis Industries',31,'','','','','','','',NULL,NULL,NULL,'None','','00:00:00','00:00:00','00:00:00',0,0,0,0,'','','','00:00:00','00:00:00','','','','','','','','0000-00-00 00:00:00','','',''),(23,'Metus Eu Industries',174,'','','','','','','',NULL,NULL,NULL,'None','','00:00:00','00:00:00','00:00:00',0,0,0,0,'','','','00:00:00','00:00:00','','','','','','','','0000-00-00 00:00:00','','',''),(24,'Egestas Hendrerit Incorporated',96,'','','','','','','',NULL,NULL,NULL,'None','','00:00:00','00:00:00','00:00:00',0,0,0,0,'','','','00:00:00','00:00:00','','','','','','','','0000-00-00 00:00:00','','',''),(25,'Quisque Varius Limited',60,'','','','','','','',NULL,NULL,NULL,'None','','00:00:00','00:00:00','00:00:00',0,0,0,0,'','','','00:00:00','00:00:00','','','','','','','','0000-00-00 00:00:00','','',''),(26,'Odio Vel Est PC',18,'','','','','','','',NULL,NULL,NULL,'None','','00:00:00','00:00:00','00:00:00',0,0,0,0,'','','','00:00:00','00:00:00','','','','','','','','0000-00-00 00:00:00','','',''),(27,'Orci In Consequat Limited',25,'','','','','','','',NULL,NULL,NULL,'None','','00:00:00','00:00:00','00:00:00',0,0,0,0,'','','','00:00:00','00:00:00','','','','','','','','0000-00-00 00:00:00','','',''),(28,'Vivamus Nibh Inc.',54,'','','','','','','',NULL,NULL,NULL,'None','','00:00:00','00:00:00','00:00:00',0,0,0,0,'','','','00:00:00','00:00:00','','','','','','','','0000-00-00 00:00:00','','',''),(29,'Neque Et Nunc Corp.',197,'','','','','','','',NULL,NULL,NULL,'None','','00:00:00','00:00:00','00:00:00',0,0,0,0,'','','','00:00:00','00:00:00','','','','','','','','0000-00-00 00:00:00','','',''),(30,'Parturient Montes Incorporated',154,'','','','','','','',NULL,NULL,NULL,'None','','00:00:00','00:00:00','00:00:00',0,0,0,0,'','','','00:00:00','00:00:00','','','','','','','','0000-00-00 00:00:00','','',''),(31,'Lorem Eget Mollis Company',183,'','','','','','','',NULL,NULL,NULL,'None','','00:00:00','00:00:00','00:00:00',0,0,0,0,'','','','00:00:00','00:00:00','','','','','','','','0000-00-00 00:00:00','','',''),(32,'Tellus Imperdiet Associates',76,'','','','','','','',NULL,NULL,NULL,'None','','00:00:00','00:00:00','00:00:00',0,0,0,0,'','','','00:00:00','00:00:00','','','','','','','','0000-00-00 00:00:00','','',''),(33,'Eu Accumsan Sed LLP',150,'','','','','','','',NULL,NULL,NULL,'None','','00:00:00','00:00:00','00:00:00',0,0,0,0,'','','','00:00:00','00:00:00','','','','','','','','0000-00-00 00:00:00','','',''),(34,'Ante Maecenas Mi Ltd',130,'','','','','','','',NULL,NULL,NULL,'None','','00:00:00','00:00:00','00:00:00',0,0,0,0,'','','','00:00:00','00:00:00','','','','','','','','0000-00-00 00:00:00','','',''),(35,'Eget Volutpat Ornare Consulting',71,'','','','','','','',NULL,NULL,NULL,'None','','00:00:00','00:00:00','00:00:00',0,0,0,0,'','','','00:00:00','00:00:00','','','','','','','','0000-00-00 00:00:00','','',''),(36,'Eu Sem Corporation',33,'','','','','','','',NULL,NULL,NULL,'None','','00:00:00','00:00:00','00:00:00',0,0,0,0,'','','','00:00:00','00:00:00','','','','','','','','0000-00-00 00:00:00','','',''),(37,'Ipsum Phasellus Foundation',72,'','','','','','','',NULL,NULL,NULL,'None','','00:00:00','00:00:00','00:00:00',0,0,0,0,'','','','00:00:00','00:00:00','','','','','','','','0000-00-00 00:00:00','','',''),(38,'Elit Corp.',127,'','','','','','','',NULL,NULL,NULL,'None','','00:00:00','00:00:00','00:00:00',0,0,0,0,'','','','00:00:00','00:00:00','','','','','','','','0000-00-00 00:00:00','','',''),(39,'Sed Foundation',41,'','','','','','','',NULL,NULL,NULL,'None','','00:00:00','00:00:00','00:00:00',0,0,0,0,'','','','00:00:00','00:00:00','','','','','','','','0000-00-00 00:00:00','','',''),(40,'Velit Dui Semper LLC',97,'','','','','','','',NULL,NULL,NULL,'None','','00:00:00','00:00:00','00:00:00',0,0,0,0,'','','','00:00:00','00:00:00','','','','','','','','0000-00-00 00:00:00','','',''),(41,'Fusce Mollis LLP',197,'','','','','','','',NULL,NULL,NULL,'None','','00:00:00','00:00:00','00:00:00',0,0,0,0,'','','','00:00:00','00:00:00','','','','','','','','0000-00-00 00:00:00','','',''),(42,'Ante Maecenas Associates',132,'','','','','','','',NULL,NULL,NULL,'None','','00:00:00','00:00:00','00:00:00',0,0,0,0,'','','','00:00:00','00:00:00','','','','','','','','0000-00-00 00:00:00','','',''),(43,'Felis LLC',109,'','','','','','','',NULL,NULL,NULL,'None','','00:00:00','00:00:00','00:00:00',0,0,0,0,'','','','00:00:00','00:00:00','','','','','','','','0000-00-00 00:00:00','','',''),(44,'Donec Egestas Duis LLP',38,'','','','','','','',NULL,NULL,NULL,'None','','00:00:00','00:00:00','00:00:00',0,0,0,0,'','','','00:00:00','00:00:00','','','','','','','','0000-00-00 00:00:00','','',''),(45,'Sem Magna Nec LLP',57,'','','','','','','',NULL,NULL,NULL,'None','','00:00:00','00:00:00','00:00:00',0,0,0,0,'','','','00:00:00','00:00:00','','','','','','','','0000-00-00 00:00:00','','',''),(46,'Pede Corporation',155,'','','','','','','',NULL,NULL,NULL,'None','','00:00:00','00:00:00','00:00:00',0,0,0,0,'','','','00:00:00','00:00:00','','','','','','','','0000-00-00 00:00:00','','',''),(47,'Montes Nascetur Ltd',54,'','','','','','','',NULL,NULL,NULL,'None','','00:00:00','00:00:00','00:00:00',0,0,0,0,'','','','00:00:00','00:00:00','','','','','','','','0000-00-00 00:00:00','','',''),(48,'Sit Limited',15,'','','','','','','',NULL,NULL,NULL,'None','','00:00:00','00:00:00','00:00:00',0,0,0,0,'','','','00:00:00','00:00:00','','','','','','','','0000-00-00 00:00:00','','',''),(49,'A Associates',56,'','','','','','','',NULL,NULL,NULL,'None','','00:00:00','00:00:00','00:00:00',0,0,0,0,'','','','00:00:00','00:00:00','','','','','','','','0000-00-00 00:00:00','','',''),(50,'Fringilla Inc.',85,'','','','','','','',NULL,NULL,NULL,'None','','00:00:00','00:00:00','00:00:00',0,0,0,0,'','','','00:00:00','00:00:00','','','','','','','','0000-00-00 00:00:00','','',''),(51,'Elit Nulla Foundation',171,'','','','','','','',NULL,NULL,NULL,'None','','00:00:00','00:00:00','00:00:00',0,0,0,0,'','','','00:00:00','00:00:00','','','','','','','','0000-00-00 00:00:00','','',''),(52,'Ante Foundation',116,'','','','','','','',NULL,NULL,NULL,'None','','00:00:00','00:00:00','00:00:00',0,0,0,0,'','','','00:00:00','00:00:00','','','','','','','','0000-00-00 00:00:00','','',''),(53,'Luctus Ipsum Incorporated',161,'','','','','','','',NULL,NULL,NULL,'None','','00:00:00','00:00:00','00:00:00',0,0,0,0,'','','','00:00:00','00:00:00','','','','','','','','0000-00-00 00:00:00','','',''),(54,'Tortor LLC',177,'','','','','','','',NULL,NULL,NULL,'None','','00:00:00','00:00:00','00:00:00',0,0,0,0,'','','','00:00:00','00:00:00','','','','','','','','0000-00-00 00:00:00','','',''),(55,'Ipsum Non Incorporated',176,'','','','','','','',NULL,NULL,NULL,'None','','00:00:00','00:00:00','00:00:00',0,0,0,0,'','','','00:00:00','00:00:00','','','','','','','','0000-00-00 00:00:00','','',''),(56,'Nunc Quisque Industries',145,'','','','','','','',NULL,NULL,NULL,'None','','00:00:00','00:00:00','00:00:00',0,0,0,0,'','','','00:00:00','00:00:00','','','','','','','','0000-00-00 00:00:00','','',''),(57,'Egestas Ligula Corp.',5,'','','','','','','',NULL,NULL,NULL,'None','','00:00:00','00:00:00','00:00:00',0,0,0,0,'','','','00:00:00','00:00:00','','','','','','','','0000-00-00 00:00:00','','',''),(58,'Sollicitudin Adipiscing Inc.',175,'','','','','','','',NULL,NULL,NULL,'None','','00:00:00','00:00:00','00:00:00',0,0,0,0,'','','','00:00:00','00:00:00','','','','','','','','0000-00-00 00:00:00','','',''),(59,'Pharetra Nam Ac Company',72,'','','','','','','',NULL,NULL,NULL,'None','','00:00:00','00:00:00','00:00:00',0,0,0,0,'','','','00:00:00','00:00:00','','','','','','','','0000-00-00 00:00:00','','',''),(60,'Non Enim Institute',92,'','','','','','','',NULL,NULL,NULL,'None','','00:00:00','00:00:00','00:00:00',0,0,0,0,'','','','00:00:00','00:00:00','','','','','','','','0000-00-00 00:00:00','','',''),(61,'A Felis Ullamcorper LLC',129,'','','','','','','',NULL,NULL,NULL,'None','','00:00:00','00:00:00','00:00:00',0,0,0,0,'','','','00:00:00','00:00:00','','','','','','','','0000-00-00 00:00:00','','',''),(62,'Luctus Felis Consulting',94,'','','','','','','',NULL,NULL,NULL,'None','','00:00:00','00:00:00','00:00:00',0,0,0,0,'','','','00:00:00','00:00:00','','','','','','','','0000-00-00 00:00:00','','',''),(63,'Erat Etiam Vestibulum Limited',178,'','','','','','','',NULL,NULL,NULL,'None','','00:00:00','00:00:00','00:00:00',0,0,0,0,'','','','00:00:00','00:00:00','','','','','','','','0000-00-00 00:00:00','','',''),(64,'Lectus Nullam Suscipit Institute',12,'','','','','','','',NULL,NULL,NULL,'None','','00:00:00','00:00:00','00:00:00',0,0,0,0,'','','','00:00:00','00:00:00','','','','','','','','0000-00-00 00:00:00','','',''),(65,'Morbi LLP',121,'','','','','','','',NULL,NULL,NULL,'None','','00:00:00','00:00:00','00:00:00',0,0,0,0,'','','','00:00:00','00:00:00','','','','','','','','0000-00-00 00:00:00','','',''),(66,'Cursus LLC',165,'','','','','','','',NULL,NULL,NULL,'None','','00:00:00','00:00:00','00:00:00',0,0,0,0,'','','','00:00:00','00:00:00','','','','','','','','0000-00-00 00:00:00','','',''),(67,'At Fringilla Limited',43,'','','','','','','',NULL,NULL,NULL,'None','','00:00:00','00:00:00','00:00:00',0,0,0,0,'','','','00:00:00','00:00:00','','','','','','','','0000-00-00 00:00:00','','',''),(68,'Lorem Consulting',115,'','','','','','','',NULL,NULL,NULL,'None','','00:00:00','00:00:00','00:00:00',0,0,0,0,'','','','00:00:00','00:00:00','','','','','','','','0000-00-00 00:00:00','','',''),(69,'Vestibulum Ut Foundation',106,'','','','','','','',NULL,NULL,NULL,'None','','00:00:00','00:00:00','00:00:00',0,0,0,0,'','','','00:00:00','00:00:00','','','','','','','','0000-00-00 00:00:00','','',''),(70,'Cras Sed Leo LLC',195,'','','','','','','',NULL,NULL,NULL,'None','','00:00:00','00:00:00','00:00:00',0,0,0,0,'','','','00:00:00','00:00:00','','','','','','','','0000-00-00 00:00:00','','',''),(71,'Egestas Rhoncus Proin Industries',140,'','','','','','','',NULL,NULL,NULL,'None','','00:00:00','00:00:00','00:00:00',0,0,0,0,'','','','00:00:00','00:00:00','','','','','','','','0000-00-00 00:00:00','','',''),(72,'Luctus Felis LLC',156,'','','','','','','',NULL,NULL,NULL,'None','','00:00:00','00:00:00','00:00:00',0,0,0,0,'','','','00:00:00','00:00:00','','','','','','','','0000-00-00 00:00:00','','',''),(73,'Neque Morbi Quis PC',47,'','','','','','','',NULL,NULL,NULL,'None','','00:00:00','00:00:00','00:00:00',0,0,0,0,'','','','00:00:00','00:00:00','','','','','','','','0000-00-00 00:00:00','','',''),(74,'Sit Associates',6,'','','','','','','',NULL,NULL,NULL,'None','','00:00:00','00:00:00','00:00:00',0,0,0,0,'','','','00:00:00','00:00:00','','','','','','','','0000-00-00 00:00:00','','',''),(75,'Aenean Euismod Mauris Ltd',196,'','','','','','','',NULL,NULL,NULL,'None','','00:00:00','00:00:00','00:00:00',0,0,0,0,'','','','00:00:00','00:00:00','','','','','','','','0000-00-00 00:00:00','','',''),(76,'Amet Diam Eu Ltd',94,'','','','','','','',NULL,NULL,NULL,'None','','00:00:00','00:00:00','00:00:00',0,0,0,0,'','','','00:00:00','00:00:00','','','','','','','','0000-00-00 00:00:00','','',''),(77,'Venenatis A Company',127,'','','','','','','',NULL,NULL,NULL,'None','','00:00:00','00:00:00','00:00:00',0,0,0,0,'','','','00:00:00','00:00:00','','','','','','','','0000-00-00 00:00:00','','',''),(78,'Arcu Associates',190,'','','','','','','',NULL,NULL,NULL,'None','','00:00:00','00:00:00','00:00:00',0,0,0,0,'','','','00:00:00','00:00:00','','','','','','','','0000-00-00 00:00:00','','',''),(79,'Elit Erat Vitae Inc.',133,'','','','','','','',NULL,NULL,NULL,'None','','00:00:00','00:00:00','00:00:00',0,0,0,0,'','','','00:00:00','00:00:00','','','','','','','','0000-00-00 00:00:00','','',''),(80,'Nibh Quisque LLP',48,'','','','','','','',NULL,NULL,NULL,'None','','00:00:00','00:00:00','00:00:00',0,0,0,0,'','','','00:00:00','00:00:00','','','','','','','','0000-00-00 00:00:00','','',''),(81,'Tincidunt Incorporated',119,'','','','','','','',NULL,NULL,NULL,'None','','00:00:00','00:00:00','00:00:00',0,0,0,0,'','','','00:00:00','00:00:00','','','','','','','','0000-00-00 00:00:00','','',''),(82,'Egestas Aliquam Nec Institute',10,'','','','','','','',NULL,NULL,NULL,'None','','00:00:00','00:00:00','00:00:00',0,0,0,0,'','','','00:00:00','00:00:00','','','','','','','','0000-00-00 00:00:00','','',''),(83,'Eu Tellus Company',159,'','','','','','','',NULL,NULL,NULL,'None','','00:00:00','00:00:00','00:00:00',0,0,0,0,'','','','00:00:00','00:00:00','','','','','','','','0000-00-00 00:00:00','','',''),(84,'Iaculis Lacus Pede Inc.',117,'','','','','','','',NULL,NULL,NULL,'None','','00:00:00','00:00:00','00:00:00',0,0,0,0,'','','','00:00:00','00:00:00','','','','','','','','0000-00-00 00:00:00','','',''),(85,'Dolor Sit Amet Company',178,'','','','','','','',NULL,NULL,NULL,'None','','00:00:00','00:00:00','00:00:00',0,0,0,0,'','','','00:00:00','00:00:00','','','','','','','','0000-00-00 00:00:00','','',''),(86,'Ad Litora Torquent Incorporated',150,'','','','','','','',NULL,NULL,NULL,'None','','00:00:00','00:00:00','00:00:00',0,0,0,0,'','','','00:00:00','00:00:00','','','','','','','','0000-00-00 00:00:00','','',''),(87,'Suspendisse Non Leo Incorporated',3,'','','','','','','',NULL,NULL,NULL,'None','','00:00:00','00:00:00','00:00:00',0,0,0,0,'','','','00:00:00','00:00:00','','','','','','','','0000-00-00 00:00:00','','',''),(88,'Ligula Consectetuer Rhoncus Incorporated',108,'','','','','','','',NULL,NULL,NULL,'None','','00:00:00','00:00:00','00:00:00',0,0,0,0,'','','','00:00:00','00:00:00','','','','','','','','0000-00-00 00:00:00','','',''),(89,'Cras Foundation',44,'','','','','','','',NULL,NULL,NULL,'None','','00:00:00','00:00:00','00:00:00',0,0,0,0,'','','','00:00:00','00:00:00','','','','','','','','0000-00-00 00:00:00','','',''),(90,'Lorem Semper Company',17,'','','','','','','',NULL,NULL,NULL,'None','','00:00:00','00:00:00','00:00:00',0,0,0,0,'','','','00:00:00','00:00:00','','','','','','','','0000-00-00 00:00:00','','',''),(91,'Iaculis Nec Eleifend Associates',117,'','','','','','','',NULL,NULL,NULL,'None','','00:00:00','00:00:00','00:00:00',0,0,0,0,'','','','00:00:00','00:00:00','','','','','','','','0000-00-00 00:00:00','','',''),(92,'Porttitor Vulputate Posuere Inc.',17,'','','','','','','',NULL,NULL,NULL,'None','','00:00:00','00:00:00','00:00:00',0,0,0,0,'','','','00:00:00','00:00:00','','','','','','','','0000-00-00 00:00:00','','',''),(93,'Sapien Cras Dolor Industries',132,'','','','','','','',NULL,NULL,NULL,'None','','00:00:00','00:00:00','00:00:00',0,0,0,0,'','','','00:00:00','00:00:00','','','','','','','','0000-00-00 00:00:00','','',''),(94,'Nulla Magna Corporation',55,'','','','','','','',NULL,NULL,NULL,'None','','00:00:00','00:00:00','00:00:00',0,0,0,0,'','','','00:00:00','00:00:00','','','','','','','','0000-00-00 00:00:00','','',''),(95,'Consectetuer Corp.',102,'','','','','','','',NULL,NULL,NULL,'None','','00:00:00','00:00:00','00:00:00',0,0,0,0,'','','','00:00:00','00:00:00','','','','','','','','0000-00-00 00:00:00','','',''),(96,'Diam Dictum Foundation',38,'','','','','','','',NULL,NULL,NULL,'None','','00:00:00','00:00:00','00:00:00',0,0,0,0,'','','','00:00:00','00:00:00','','','','','','','','0000-00-00 00:00:00','','',''),(97,'Ligula Aenean Gravida Corp.',66,'','','','','','','',NULL,NULL,NULL,'None','','00:00:00','00:00:00','00:00:00',0,0,0,0,'','','','00:00:00','00:00:00','','','','','','','','0000-00-00 00:00:00','','',''),(98,'Lorem Ac Foundation',75,'','','','','','','',NULL,NULL,NULL,'None','','00:00:00','00:00:00','00:00:00',0,0,0,0,'','','','00:00:00','00:00:00','','','','','','','','0000-00-00 00:00:00','','',''),(99,'Eget Ipsum Incorporated',35,'','','','','','','',NULL,NULL,NULL,'None','','00:00:00','00:00:00','00:00:00',0,0,0,0,'','','','00:00:00','00:00:00','','','','','','','','0000-00-00 00:00:00','','',''),(100,'Justo Eu Arcu Limited',167,'','','','','','','',NULL,NULL,NULL,'None','','00:00:00','00:00:00','00:00:00',0,0,0,0,'','','','00:00:00','00:00:00','','','','','','','','0000-00-00 00:00:00','','',''),(101,'Ac Tellus Suspendisse Ltd',163,'','','','','','','',NULL,NULL,NULL,'None','','00:00:00','00:00:00','00:00:00',0,0,0,0,'','','','00:00:00','00:00:00','','','','','','','','0000-00-00 00:00:00','','',''),(102,'Neque Pellentesque Consulting',17,'','','','','','','',NULL,NULL,NULL,'None','','00:00:00','00:00:00','00:00:00',0,0,0,0,'','','','00:00:00','00:00:00','','','','','','','','0000-00-00 00:00:00','','',''),(103,'Imperdiet Industries',95,'','','','','','','',NULL,NULL,NULL,'None','','00:00:00','00:00:00','00:00:00',0,0,0,0,'','','','00:00:00','00:00:00','','','','','','','','0000-00-00 00:00:00','','',''),(104,'Amet Ante Vivamus PC',159,'','','','','','','',NULL,NULL,NULL,'None','','00:00:00','00:00:00','00:00:00',0,0,0,0,'','','','00:00:00','00:00:00','','','','','','','','0000-00-00 00:00:00','','',''),(105,'Luctus Institute',100,'','','','','','','',NULL,NULL,NULL,'None','','00:00:00','00:00:00','00:00:00',0,0,0,0,'','','','00:00:00','00:00:00','','','','','','','','0000-00-00 00:00:00','','',''),(106,'Dolor Associates',25,'','','','','','','',NULL,NULL,NULL,'None','','00:00:00','00:00:00','00:00:00',0,0,0,0,'','','','00:00:00','00:00:00','','','','','','','','0000-00-00 00:00:00','','',''),(107,'newe',5,'ibu','bibu','uib','ibuiu','','','rfwrf@wrvwr.wvr','','[\"DD\",\"TB\",\"BH\",\"CT\"]','[\"BAR\",\"Smoking\",\"Wifi\"]','[\"MON\",\"TUE\",\"WED\",\"THU\",\"FRI\"]','150','00:00:10','10:00:00','22:00:00',0,0,100,0,'0','[\"Cash\",\"Card\",\"Sodexo\"]','','00:00:00','00:00:00','','1341331414','2546331412','','','','','2014-01-24 00:01:58','Mozilla/5.0 (Windows NT 6.1; WOW64) AppleWebKit/537.36 (KHTML, like Gecko) Chrome/32.0.1700.76 Safar','127.0.0.1','1'),(108,'ANGAARA KABABS ON CHARCOAL',227,'2-20/6','kothaguda Cross Road','500032','9640884010','04023114786','9640884010','shaiknaseer60@gmail.com','shaiknaseer60@gmail.com','[\"DD\",\"TB\",\"TA\",\"BH\"]','[\"AC\"]','null','within 3 Kms','00:00:01','00:00:12','00:00:10',0,5,0,0,'RS.30','[\"Cash\"]','','00:00:00','00:00:00','','','','','','','','2014-01-24 23:53:04','Mozilla/5.0 (Windows NT 6.1; WOW64) AppleWebKit/537.36 (KHTML, like Gecko) Chrome/32.0.1700.76 Safar','108.162.208.146','1'),(109,'ANGAARA KABABS',227,'2-26','kothaguda cross road','500026','9573572077','04023456789','9966031666','dnsr.hellos@gmail.com','dnsr.hellos@gmail.com','[\"DD\",\"TB\",\"TA\",\"BH\"]','[\"AC\"]','[\"MON\"]','5kms','00:00:01','00:00:12','00:00:11',5,12,0,0,'RS.30','[\"Cash\"]','','00:00:12','00:00:02','spicy food delivery restaurant at kondapur ','17.45822','78.36468','','','','','2014-01-26 09:24:26','Mozilla/5.0 (Windows NT 6.1) AppleWebKit/537.36 (KHTML, like Gecko) Chrome/32.0.1700.76 Safari/537.3','108.162.222.84','1'),(110,'patio',196,'8-1-329','ananda vihar complex','500089','04065544101','','','info@aahari.com','info@aahari.com','[\"DD\",\"TB\",\"TA\",\"PP\",\"CT\"]','[\"AC\"]','null','5 km','00:00:30','12:00:00','11:00:00',0,0,350,0,'no','[\"Cash\"]','','00:00:00','00:00:00','we r unique','17.45822','78.36468','','','','','2014-01-30 07:36:31','Mozilla/5.0 (Windows NT 6.1) AppleWebKit/537.36 (KHTML, like Gecko) Chrome/32.0.1700.102 Safari/537.','108.162.208.146','1'),(111,'holi',70,'33-3355','botinical garden','500032','04040148889','','','holi.kondapur2008@gmail.com','holi.kondapur2008@gmail.com','[\"DD\",\"TB\",\"TA\",\"BH\",\"PP\",\"CT\"]','[\"AC\",\"Smoking\"]','null','33km','00:01:40','12:00:00','11:00:00',15,0,200,0,'no','[\"Cash\",\"Sodexo\"]','','02:00:00','04:00:00','the best','17.366','78.47','','','','','2014-01-31 08:25:06','Mozilla/5.0 (Windows NT 6.1) AppleWebKit/537.36 (KHTML, like Gecko) Chrome/32.0.1700.102 Safari/537.','108.162.208.146','1'),(112,'satya',4,'22-22-22','beside thetre','534260','8019913328','','','satyabhargav55@gmail.com','satyabhargav55@gmail.com','[\"DD\",\"TB\",\"TA\",\"BH\",\"PP\"]','[\"AC\",\"BAR\",\"Smoking\",\"Wifi\"]','null','33','00:00:00','03:00:00','04:00:00',0,0,300,0,'15','null','','00:00:00','00:00:00','the best','78.800','98.00','','','','','2014-02-08 05:24:04','Mozilla/5.0 (Windows NT 6.1) AppleWebKit/537.36 (KHTML, like Gecko) Chrome/32.0.1700.107 Safari/537.','108.162.222.84','1'),(113,'DWARAKA',47,'Plot No 73 ','Bandlaguda \'x\' Roads','500091','9885556608','8099991233','04031921233','chenna3@gmail.com','chenna3@gmail.com','[\"DD\",\"TB\",\"TA\",\"BH\",\"PP\",\"CT\"]','[\"AC\"]','null','5kms','00:00:30','00:00:11','00:00:10',5,0,400,0,'50','[\"Sodexo\",\"Online\"]','','00:00:00','00:00:00','The best spicy food','17.343265','78.305905','','','','','2014-02-04 08:17:40','Mozilla/5.0 (Linux; Android 4.1.2; IdeaTabA1000-G Build/JZO54K) AppleWebKit/535.19 (KHTML, like Geck','108.162.208.146','1'),(114,'THE CHINESE FUSION',172,'77,floor2','Beside HDFC bank','500032','9059458167','65691999','65768999','rajeev_24kumar@yahoo.com','rajeev_24kumar@yahoo.com','[\"DD\",\"TB\",\"TA\",\"PP\"]','[\"AC\"]','[\"FRI\",\"SUN\"]','5kms','00:00:15','11:30:00','11:00:00',5,6.5,300,0,'35','[\"Card\",\"Sodexo\",\"Online\"]','','11:00:00','02:23:13','the best home delivery restaurant','17.44186','78.357536','','','','','2014-02-04 08:15:01','Mozilla/5.0 (Linux; Android 4.1.2; IdeaTabA1000-G Build/JZO54K) AppleWebKit/535.19 (KHTML, like Geck','108.162.222.84','1'),(115,'SUBWAY2',387,'door no 12','beside umesh chandra statue','500038','8019353535','04042012324','','nandhinibarsrnagar@gmail.com','nandhinibarsrnagar@gmail.com','[\"TB\",\"TA\",\"PP\"]','[\"AC\",\"BAR\",\"Smoking\",\"Wifi\"]','null','5km','00:00:00','11:00:00','02:00:00',3,6,250,0,'60','null','','00:00:00','00:00:00','THE BEST','17.442679','78.41521','','','','','2014-02-09 14:05:01','Mozilla/5.0 (Windows NT 6.1; WOW64) AppleWebKit/537.36 (KHTML, like Gecko) Chrome/32.0.1700.107 Safa','108.162.222.84','1');
/*!40000 ALTER TABLE `restaurants` ENABLE KEYS */;
UNLOCK TABLES;

--
-- Table structure for table `users`
--

DROP TABLE IF EXISTS `users`;
/*!40101 SET @saved_cs_client     = @@character_set_client */;
/*!40101 SET character_set_client = utf8 */;
CREATE TABLE `users` (
  `userid` bigint(20) NOT NULL auto_increment,
  `firstname` varchar(50) NOT NULL,
  `lastname` varchar(50) NOT NULL,
  `email` varchar(100) NOT NULL,
  `password` varchar(100) NOT NULL,
  `user_type` varchar(20) NOT NULL default '0',
  `mobile` varchar(20) NOT NULL,
  `date` datetime NOT NULL,
  PRIMARY KEY  (`userid`)
) ENGINE=InnoDB AUTO_INCREMENT=2 DEFAULT CHARSET=latin1;
/*!40101 SET character_set_client = @saved_cs_client */;

--
-- Dumping data for table `users`
--

LOCK TABLES `users` WRITE;
/*!40000 ALTER TABLE `users` DISABLE KEYS */;
INSERT INTO `users` VALUES (1,'Jagan','Ryali','jaganryali@gmail.com','66ee1c6d5923fee80757c8e2bd79556528e9aa19','0','9000171212','2013-06-20 00:45:08');
/*!40000 ALTER TABLE `users` ENABLE KEYS */;
UNLOCK TABLES;
/*!40103 SET TIME_ZONE=@OLD_TIME_ZONE */;

/*!40101 SET SQL_MODE=@OLD_SQL_MODE */;
/*!40014 SET FOREIGN_KEY_CHECKS=@OLD_FOREIGN_KEY_CHECKS */;
/*!40014 SET UNIQUE_CHECKS=@OLD_UNIQUE_CHECKS */;
/*!40101 SET CHARACTER_SET_CLIENT=@OLD_CHARACTER_SET_CLIENT */;
/*!40101 SET CHARACTER_SET_RESULTS=@OLD_CHARACTER_SET_RESULTS */;
/*!40101 SET COLLATION_CONNECTION=@OLD_COLLATION_CONNECTION */;
/*!40111 SET SQL_NOTES=@OLD_SQL_NOTES */;

-- Dump completed on 2014-02-13  1:21:35
